136,26,28,93,132,63,136,99,37,83,0
136,26,27,91,132,63,136,99,37,83,0
137,25,28,93,132,59,136,99,37,85,0
136,25,28,95,134,65,136,97,37,83,0
136,25,28,95,134,65,136,97,37,85,0
136,26,28,95,134,65,136,97,37,83,0
136,26,27,95,134,65,136,97,37,85,0
136,26,28,95,134,65,136,97,37,85,0
136,25,29,95,134,65,136,95,37,85,0
136,26,27,95,134,65,136,95,37,85,0
136,26,27,95,134,65,136,95,37,85,0
136,26,28,95,134,65,136,97,37,85,0
136,26,28,95,134,65,136,95,37,85,0
136,26,29,95,134,65,136,97,37,85,0
136,26,27,95,134,65,136,95,37,85,0
136,26,28,95,134,65,136,97,37,85,0
136,26,28,95,134,65,136,97,37,83,0
136,25,28,95,134,67,136,95,40,85,0
136,26,27,95,134,65,136,97,37,83,0
136,26,28,95,134,65,136,95,41,83,0
136,26,29,95,134,65,136,95,41,83,0
136,26,28,95,134,67,136,95,37,83,0
136,26,28,95,134,67,136,97,37,85,0
136,26,29,95,134,67,136,95,37,83,0
136,26,27,95,134,67,136,95,41,85,0
136,26,27,95,134,65,136,95,37,85,0
136,26,29,95,134,67,136,95,39,85,0
136,26,27,95,134,66,136,97,37,85,0
136,26,27,95,134,67,136,97,37,85,0
136,26,28,95,134,67,136,95,37,85,0
136,26,29,95,134,67,136,97,37,85,0
136,26,29,95,134,65,136,97,38,85,0
135,25,29,95,134,67,136,97,37,85,0
132,25,29,95,134,67,136,97,37,85,0
113,25,27,95,134,67,136,97,37,85,0
108,29,29,95,134,67,136,97,37,85,0
110,29,29,95,134,67,136,97,39,85,0
111,27,29,95,134,67,136,97,37,85,0
112,28,27,95,134,67,136,97,37,87,0
113,28,29,95,134,67,136,97,37,87,0
113,28,29,95,134,67,136,97,37,87,0
128,27,29,95,134,68,136,97,40,87,0
128,27,27,97,134,67,136,97,41,87,0
128,27,29,95,134,68,136,97,40,87,0
128,27,29,95,134,67,136,97,41,87,0
128,27,29,97,134,68,136,97,41,87,0
128,27,29,97,134,67,136,97,41,87,0
128,27,29,97,134,67,136,97,41,87,0
128,27,29,97,134,67,136,97,41,87,0
129,27,29,97,134,68,136,97,41,87,0
128,27,29,97,134,68,136,97,41,87,0
129,27,29,97,134,68,136,97,40,87,0
128,27,29,97,134,67,136,97,40,87,0
129,27,29,97,134,68,136,97,41,87,0
129,27,29,97,134,68,137,97,41,87,0
130,27,29,97,134,67,136,97,40,87,0
129,27,29,97,134,69,136,97,41,87,0
130,27,29,97,134,68,137,97,40,87,0
130,27,29,97,134,69,136,97,41,87,0
130,27,29,97,134,67,136,97,41,87,0
129,27,27,97,134,67,136,97,41,87,0
130,27,29,97,134,67,136,97,41,87,0
130,27,29,97,134,69,136,97,41,87,0
130,28,29,97,134,69,136,97,41,87,0
129,27,29,95,134,69,136,97,41,87,0
130,27,29,97,134,68,136,97,40,87,0
130,27,29,97,134,67,136,97,41,87,0
130,27,29,97,134,68,136,97,41,87,0
129,27,29,97,134,69,136,97,48,87,0
130,27,29,97,134,67,136,97,41,87,0
130,27,29,97,134,69,136,97,40,87,0
130,28,27,97,134,69,136,97,48,87,0
130,28,29,97,134,69,137,97,48,87,0
130,28,29,97,134,69,136,97,41,87,0
130,27,29,97,134,67,137,97,41,87,0
130,27,29,97,134,67,136,97,41,87,0
130,28,29,97,134,69,137,97,41,87,0
130,27,29,95,134,67,136,97,41,87,0
129,27,29,97,134,69,136,97,48,87,0
130,27,29,97,135,67,136,97,41,87,0
130,27,29,97,134,69,136,97,48,87,0
130,27,29,97,134,69,136,97,41,87,0
130,27,29,97,134,69,136,97,48,87,0
130,27,29,97,134,67,136,97,41,87,0
130,28,27,97,134,69,136,97,41,87,0
130,27,29,97,134,69,136,97,41,87,0
130,28,29,97,135,69,136,97,48,87,0
130,28,27,97,134,69,136,97,41,87,0
130,27,29,97,134,69,136,97,48,87,0
130,27,29,97,134,69,136,97,48,87,0
130,28,29,97,134,67,136,97,41,87,0
130,28,29,97,134,67,136,97,48,87,0
130,27,29,97,134,69,136,97,41,87,0
130,27,29,97,134,67,136,97,41,87,0
130,28,29,97,135,69,136,97,48,87,0
130,27,29,97,134,69,137,97,41,87,0
130,27,29,97,134,69,136,97,41,87,0
130,28,29,97,135,69,136,97,48,87,0
130,27,29,97,134,69,136,97,41,87,0
130,28,29,97,135,69,136,97,48,87,0
81,170,169,136,152,169,145,133,175,150,1
81,170,169,136,152,168,145,133,175,150,1
83,170,168,136,152,168,145,132,174,149,1
83,169,168,136,152,168,145,132,174,150,1
84,169,168,136,152,168,145,132,174,150,1
83,168,168,136,152,167,145,132,174,148,1
83,168,167,136,152,167,145,132,174,148,1
83,168,167,135,152,166,146,132,174,148,1
83,168,167,136,152,166,146,132,173,148,1
85,168,167,136,152,166,146,132,173,149,1
85,168,167,135,151,167,146,132,173,147,1
86,169,168,135,150,168,145,131,173,147,1
87,168,168,136,150,167,146,132,172,148,1
87,169,168,135,151,167,146,132,172,148,1
86,168,167,135,151,167,146,132,172,149,1
87,168,167,135,151,166,146,132,172,148,1
87,168,167,135,151,166,146,132,172,149,1
87,168,167,135,151,166,146,132,172,148,1
87,168,166,135,151,166,146,132,172,149,1
87,168,166,135,151,166,146,132,172,149,1
87,168,166,135,151,166,146,132,171,149,1
87,168,166,135,151,166,146,132,171,149,1
87,168,166,135,151,165,146,132,171,149,1
88,167,166,135,151,165,146,132,171,149,1
87,167,166,135,151,165,146,132,171,149,1
89,167,166,135,151,164,146,132,171,148,1
89,167,165,135,151,164,146,132,170,149,1
89,167,165,135,151,164,146,132,170,149,1
89,167,165,135,151,164,146,132,170,149,1
89,166,165,135,151,164,146,132,170,149,1
89,166,164,134,151,164,146,131,170,149,1
89,166,164,134,151,164,145,132,170,149,1
89,166,164,134,151,164,146,131,170,148,1
89,166,164,134,151,164,146,131,170,148,1
89,166,164,134,151,164,146,132,169,148,1
89,166,164,134,151,164,146,132,170,148,1
89,166,164,134,151,164,146,132,170,148,1
89,166,164,134,151,164,146,132,170,149,1
89,166,164,134,151,164,146,132,169,148,1
89,166,164,134,151,163,146,132,170,148,1
89,166,164,134,151,163,146,132,169,148,1
89,166,164,134,151,163,146,132,169,148,1
89,166,164,134,151,163,146,132,169,148,1
89,166,163,134,151,163,146,132,169,148,1
89,166,163,134,151,163,146,132,169,148,1
89,166,163,134,151,163,146,132,169,148,1
89,166,163,134,151,163,146,132,168,149,1
92,166,163,134,151,162,146,132,168,149,1
92,166,163,134,151,162,146,131,168,148,1
93,166,163,134,151,162,146,132,168,148,1
92,165,163,134,151,162,146,132,168,148,1
93,165,163,134,151,162,146,132,168,148,1
91,166,163,134,151,162,146,132,168,148,1
91,166,162,134,151,162,146,132,168,148,1
93,164,162,134,151,162,146,132,168,142,1
93,165,162,134,151,162,146,132,168,144,1
93,165,162,134,150,162,146,132,168,145,1
93,165,162,134,151,162,146,132,168,145,1
93,164,162,134,151,162,146,132,168,145,1
93,164,162,134,150,162,146,132,168,145,1
93,164,162,134,151,161,146,132,168,146,1
93,164,162,134,151,161,146,132,168,146,1
93,165,162,134,151,161,146,132,167,146,1
93,164,162,134,150,161,146,132,167,146,1
93,164,162,134,151,161,146,132,167,146,1
93,164,162,134,151,161,146,131,167,146,1
93,164,162,134,151,161,146,132,167,146,1
93,164,161,134,151,161,146,132,167,146,1
93,164,161,134,150,161,146,132,167,146,1
91,164,162,134,151,160,146,132,167,146,1
91,164,162,134,151,160,146,132,167,145,1
93,164,160,134,151,159,146,132,166,144,1
93,163,159,134,150,159,146,132,166,145,1
93,162,159,134,151,158,146,132,165,145,1
93,162,158,134,152,158,146,132,165,145,1
93,162,158,134,152,158,146,132,165,145,1
93,162,158,134,151,158,146,132,165,145,1
93,162,158,134,152,158,146,132,165,145,1
95,163,154,130,150,154,147,134,164,145,1
95,164,156,130,150,156,147,134,164,146,1
95,163,156,130,150,157,147,134,163,146,1
95,162,156,131,150,157,147,134,163,146,1
95,162,154,132,151,156,147,134,163,146,1
95,162,154,132,151,156,147,134,163,146,1
95,162,154,132,152,156,147,134,163,146,1
95,161,154,132,152,156,147,134,164,146,1
97,162,154,132,151,156,147,134,163,146,1
95,161,154,132,152,156,147,134,163,146,1
95,161,154,132,152,156,147,134,163,146,1
95,162,154,132,151,156,147,134,163,146,1
97,162,154,132,152,156,147,134,163,146,1
95,161,154,132,152,156,147,134,163,146,1
95,161,154,132,152,156,147,134,163,147,1
97,161,154,132,151,156,147,134,162,146,1
95,161,154,131,151,156,147,134,162,146,1
97,161,154,132,152,156,147,134,162,146,1
97,161,154,132,151,156,147,134,162,146,1
95,161,154,132,152,156,147,134,162,146,1
97,161,154,132,151,156,147,134,162,146,1
160,27,37,153,161,92,156,139,101,128,1
156,36,48,151,160,97,156,139,110,130,2
156,37,48,150,160,96,156,139,110,130,2
155,37,43,150,160,95,156,139,109,128,2
134,30,37,150,160,87,156,138,109,101,2
130,29,39,150,160,87,156,139,115,101,2
131,30,40,150,160,89,155,139,115,107,2
131,30,41,150,160,89,156,138,115,107,2
130,30,41,151,160,89,155,138,115,103,2
130,31,41,150,160,91,155,138,115,105,2
130,31,41,150,160,91,154,138,115,106,2
130,31,44,150,160,91,155,138,115,107,2
130,31,44,150,160,91,155,138,115,109,2
130,31,44,150,160,91,155,139,115,109,2
130,31,44,150,160,91,156,138,115,109,2
130,31,43,150,160,91,155,138,115,109,2
130,31,42,150,160,91,154,138,115,109,2
130,31,41,150,160,92,155,138,117,109,2
130,31,43,151,161,91,154,138,117,109,2
130,33,41,151,160,91,154,138,117,109,2
130,31,44,151,160,91,154,138,117,109,2
130,31,45,150,160,93,154,138,117,109,2
130,33,41,150,160,91,154,138,117,109,2
130,33,44,151,160,93,154,138,117,109,2
130,33,48,150,160,91,154,138,117,109,2
130,33,41,151,160,91,154,138,117,109,2
129,33,48,150,160,91,154,138,117,109,2
130,33,44,150,160,93,154,138,117,109,2
130,33,43,150,160,93,154,138,117,110,2
130,33,43,151,160,91,154,138,117,110,2
130,71,77,113,152,97,149,130,97,105,2
130,69,76,119,153,95,150,131,99,109,2
119,37,65,137,158,95,152,135,105,117,2
120,37,52,138,158,91,152,136,105,117,2
119,36,48,139,158,93,152,136,105,117,2
120,36,46,138,158,93,152,136,105,115,2
120,37,46,138,158,93,152,136,105,115,2
128,33,41,138,158,89,152,137,103,113,2
128,29,43,136,158,89,152,137,103,113,2
128,30,46,136,158,89,152,136,105,112,2
130,31,46,133,158,89,152,136,103,111,2
130,36,63,130,156,91,152,136,105,111,2
130,37,67,130,157,91,152,136,105,115,2
131,35,63,134,158,91,152,137,107,113,2
130,35,65,134,158,91,152,136,109,113,2
131,37,67,132,158,91,152,136,105,113,2
131,37,67,132,158,91,152,136,105,111,2
130,37,67,132,158,91,152,136,105,113,2
131,37,67,132,158,91,152,136,105,111,2
131,37,67,132,158,91,152,136,107,105,2
131,37,67,132,158,91,152,136,108,95,2
132,37,67,133,158,91,152,135,109,93,2
130,36,67,134,158,91,152,136,109,99,2
131,37,67,134,158,91,152,136,109,101,2
131,37,67,134,158,91,152,135,109,101,2
131,37,67,134,158,92,152,136,109,101,2
131,37,67,134,158,92,152,136,109,101,2
131,37,67,134,158,92,152,136,109,101,2
130,37,67,134,158,93,152,136,109,101,2
130,37,66,134,158,91,152,136,107,101,2
130,37,67,134,158,91,152,136,107,101,2
131,37,67,134,158,91,152,136,107,101,2
130,37,67,134,158,93,152,136,109,101,2
130,37,67,134,158,91,152,136,109,101,2
130,37,67,134,158,93,152,136,109,101,2
130,37,67,134,158,93,152,136,109,101,2
130,37,67,134,158,93,152,136,109,101,2
130,37,67,134,158,93,152,136,109,101,2
130,37,67,134,158,93,152,136,109,101,2
130,37,66,134,158,91,152,136,107,101,2
130,37,67,134,158,93,152,136,109,101,2
130,37,67,134,158,93,152,136,109,101,2
130,37,67,135,158,93,152,136,109,101,2
130,37,68,135,158,93,152,136,109,103,2
130,37,68,135,158,91,152,136,109,101,2
130,37,67,135,158,93,152,136,109,103,2
130,37,68,135,158,93,152,136,107,103,2
130,37,69,135,158,93,152,136,109,103,2
130,37,68,135,158,93,152,136,107,103,2
130,37,67,135,158,93,152,136,109,103,2
130,37,67,135,158,93,152,136,108,103,2
130,37,68,135,158,93,152,136,107,103,2
130,37,67,135,158,93,152,136,107,103,2
130,37,67,135,158,93,152,136,107,103,2
130,37,68,135,158,93,152,136,107,103,2
130,37,67,135,158,93,152,136,109,103,2
130,37,67,136,158,93,152,136,107,103,2
130,37,67,136,158,93,152,136,109,103,2
130,37,68,136,158,93,152,136,109,105,2
130,37,67,136,158,93,152,136,109,105,2
130,37,69,136,158,93,152,136,109,105,2
130,37,67,136,158,93,152,136,109,105,2
130,37,69,136,158,93,152,136,107,105,2
130,37,68,135,158,93,152,136,107,105,2
130,37,69,136,158,93,152,136,107,105,2
130,37,67,136,158,93,152,136,109,105,2
130,37,67,136,158,93,152,136,109,105,2
130,37,67,136,158,93,152,136,109,105,2
130,37,68,136,158,93,152,136,109,105,2
130,37,67,136,158,93,152,136,107,105,2
136,169,31,153,160,71,158,139,97,76,2
135,168,31,153,160,71,158,139,97,75,3
140,166,67,150,154,93,156,140,119,79,3
139,165,67,150,154,93,156,140,119,80,3
139,165,67,150,154,93,156,140,119,80,3
140,164,67,150,154,93,155,140,117,81,3
140,164,67,150,154,93,156,140,117,81,3
140,164,67,150,155,93,156,140,117,79,3
140,164,67,150,155,93,156,140,117,81,3
138,164,67,150,155,93,156,140,117,81,3
139,164,67,150,155,93,156,140,117,81,3
139,164,67,150,155,93,156,140,115,81,3
138,164,67,150,154,93,156,140,115,81,3
139,164,67,150,154,93,156,140,115,81,3
139,164,67,150,155,93,156,140,115,84,3
139,164,67,150,154,93,156,140,113,81,3
137,164,65,150,154,91,156,140,113,81,3
137,164,67,150,154,93,156,140,113,81,3
137,164,67,150,154,93,156,140,113,81,3
138,163,65,150,154,93,156,140,114,81,3
138,163,65,150,154,93,156,140,113,81,3
136,164,63,150,154,91,156,140,113,83,3
137,164,63,150,154,91,156,140,111,83,3
136,163,65,150,154,91,156,140,111,83,3
136,163,65,150,155,91,156,140,111,83,3
136,163,63,150,155,91,156,140,111,83,3
136,163,63,150,154,91,156,140,111,83,3
136,163,63,150,155,91,156,140,111,83,3
136,162,53,150,154,89,156,140,107,83,3
134,163,48,150,154,85,156,140,97,81,3
132,163,48,150,154,87,156,140,101,81,3
132,163,43,150,154,87,156,140,101,83,3
134,163,48,150,154,87,156,140,101,83,3
134,162,52,150,154,87,156,140,103,83,3
134,162,52,150,154,87,156,140,103,83,3
134,162,52,150,154,89,156,140,103,83,3
134,162,52,150,154,87,156,140,103,83,3
134,162,49,150,154,89,156,140,103,83,3
134,162,46,150,154,87,156,140,103,85,3
134,162,52,150,154,87,156,140,103,83,3
134,162,46,150,154,89,156,140,103,85,3
134,162,46,150,154,89,156,140,103,85,3
134,162,52,150,154,87,156,140,103,85,3
134,162,52,150,154,89,156,140,103,85,3
134,162,52,150,154,88,156,140,103,85,3
134,161,48,149,154,89,156,140,103,85,3
134,161,48,149,154,89,156,140,103,85,3
134,161,52,148,154,89,156,140,103,87,3
134,161,46,149,154,87,156,140,103,87,3
134,160,52,148,154,89,156,140,103,87,3
134,160,45,149,154,89,156,140,103,87,3
134,160,48,148,154,89,156,139,103,87,3
134,160,45,148,154,89,156,139,103,87,3
134,160,46,148,154,89,156,139,103,87,3
134,159,43,148,154,89,156,139,103,87,3
134,160,45,148,155,89,156,139,103,87,3
134,160,48,148,154,89,156,139,103,87,3
134,160,48,148,154,89,156,139,103,87,3
134,160,46,148,154,89,156,139,103,87,3
134,160,45,148,155,89,156,139,103,87,3
134,160,46,149,154,89,156,139,103,87,3
134,159,43,148,154,89,156,139,103,87,3
134,159,52,148,154,89,156,140,103,87,3
134,159,52,148,155,89,156,139,103,89,3
133,159,48,148,155,89,156,140,103,89,3
133,159,46,148,154,89,156,139,103,89,3
133,159,46,148,155,89,156,139,103,89,3
134,159,46,148,155,89,156,138,103,87,3
133,159,52,149,155,89,156,139,103,89,3
133,159,46,149,155,89,156,139,103,89,3
134,159,46,148,155,89,156,139,103,87,3
133,159,46,149,155,89,156,140,103,89,3
134,159,45,149,155,89,156,139,103,89,3
134,159,46,148,155,89,156,138,103,91,3
133,159,43,148,155,89,156,138,103,91,3
133,159,46,148,156,89,156,138,103,89,3
133,159,46,149,155,89,156,139,103,89,3
133,159,45,149,155,89,156,139,103,91,3
132,159,45,149,155,89,156,139,103,91,3
133,159,43,148,155,89,156,139,103,91,3
132,159,48,148,155,89,156,139,103,91,3
132,159,45,148,155,89,156,138,103,91,3
133,158,46,148,154,89,156,139,103,91,3
133,159,46,148,155,89,156,139,103,91,3
132,158,46,148,156,89,156,139,103,92,3
132,158,45,148,154,89,156,138,103,91,3
132,159,48,148,155,89,156,139,103,93,3
132,158,46,148,155,89,156,139,103,91,3
132,158,46,148,155,89,156,139,103,93,3
132,158,48,148,155,89,156,139,103,93,3
132,158,46,148,155,89,156,139,103,93,3
132,159,48,148,155,89,156,139,103,91,3
133,158,48,148,155,89,156,138,103,91,3
132,158,46,148,155,89,156,138,103,93,3
132,158,48,148,155,91,156,139,103,93,3
132,158,46,148,155,89,156,139,103,93,3
132,158,45,148,155,91,156,139,103,91,3
132,157,43,148,155,89,156,138,103,91,3
132,158,45,148,155,89,156,138,103,93,3
132,156,43,148,155,89,156,139,103,91,3
93,18,26,117,158,39,156,143,31,121,3
85,17,25,115,158,36,156,144,28,144,4
79,20,29,119,159,39,156,142,47,136,4
81,20,29,119,159,41,156,142,47,134,4
81,20,29,119,158,41,155,142,47,134,4
81,20,29,119,159,41,156,142,51,136,4
83,20,29,120,159,44,156,142,53,137,4
83,20,29,120,159,44,155,142,53,138,4
83,20,29,120,159,45,156,142,47,138,4
83,20,29,120,159,45,155,142,53,140,4
85,21,29,128,158,45,156,142,53,141,4
85,21,29,128,159,45,156,142,53,141,4
85,21,29,128,159,45,156,142,55,142,4
85,21,30,128,159,46,156,142,53,141,4
87,21,29,128,159,45,156,142,55,142,4
83,21,30,128,159,48,156,142,53,142,4
87,21,30,128,159,48,156,142,65,142,4
87,21,30,128,158,48,156,142,55,142,4
87,21,30,128,159,52,156,142,55,142,4
87,21,30,128,159,43,156,142,53,142,4
86,21,29,128,158,52,156,142,53,143,4
87,21,30,128,159,52,156,142,53,143,4
87,21,30,128,159,52,156,142,53,144,4
87,23,30,128,159,47,156,142,53,143,4
89,21,30,128,158,53,156,142,53,144,4
89,23,30,128,158,53,156,142,53,144,4
89,23,30,128,158,53,156,142,53,144,4
89,23,30,128,159,47,156,142,53,144,4
89,23,30,128,159,53,156,142,55,144,4
89,23,30,128,158,47,156,142,55,144,4
89,23,30,128,159,53,156,142,47,144,4
89,23,30,129,159,47,156,142,55,144,4
89,23,30,129,158,53,156,142,55,144,4
89,23,30,128,159,53,156,142,49,146,4
89,23,28,113,158,45,156,142,34,150,4
89,24,28,111,157,41,156,142,31,152,4
93,25,31,117,158,47,156,141,43,148,4
92,25,31,117,158,47,156,142,49,150,4
91,23,29,117,158,45,156,143,37,150,4
86,21,28,132,159,41,157,144,36,158,4
85,21,28,131,159,44,157,144,37,159,4
83,21,28,131,159,44,156,144,37,159,4
79,23,28,130,158,43,156,142,39,160,4
81,23,29,130,158,45,156,142,39,158,4
81,23,29,130,158,45,156,142,39,158,4
81,23,29,130,158,45,156,142,39,158,4
83,23,29,130,158,46,156,142,39,158,4
83,23,29,130,158,46,156,142,39,157,4
85,23,29,130,158,52,156,142,39,157,4
85,23,29,130,158,46,156,142,39,157,4
85,23,30,130,158,46,156,142,39,158,4
87,23,30,130,159,52,156,142,39,157,4
87,24,30,130,158,46,156,142,39,157,4
86,24,31,130,158,47,156,142,39,156,4
87,24,31,130,158,53,156,142,39,156,4
87,24,31,130,158,47,156,142,41,156,4
87,24,31,130,158,53,155,141,41,155,4
87,24,31,130,158,47,156,140,41,155,4
87,24,31,130,158,53,156,140,41,156,4
87,24,31,130,158,47,155,141,41,156,4
87,24,31,130,158,53,156,142,41,156,4
87,24,31,130,158,47,156,142,41,156,4
87,24,31,130,158,47,156,142,39,156,4
87,25,31,130,158,59,156,142,39,156,4
87,24,31,128,158,63,156,142,39,156,4
87,24,31,130,158,63,156,142,39,156,4
89,25,31,130,158,47,156,142,39,156,4
89,25,31,128,158,63,156,142,39,156,4
89,24,31,129,158,63,156,142,39,156,4
89,25,31,130,158,65,156,142,41,155,4
89,25,31,130,158,47,156,142,39,156,4
89,25,31,130,158,63,156,142,41,156,4
89,25,31,130,158,47,156,142,41,155,4
90,25,31,130,158,65,156,142,41,156,4
89,25,31,129,158,63,156,143,39,156,4
91,25,31,129,158,65,156,143,39,156,4
91,25,31,128,158,63,156,142,39,156,4
91,25,31,128,158,65,156,142,39,156,4
91,25,31,130,158,63,156,142,41,156,4
91,25,31,131,158,67,155,140,43,154,4
91,25,31,131,158,67,155,140,43,154,4
91,25,31,130,158,66,156,140,43,154,4
93,25,31,130,158,67,156,140,48,154,4
93,25,31,132,158,68,154,138,49,153,4
91,25,31,131,158,66,154,140,49,152,4
87,25,31,130,158,47,154,140,39,150,4
87,25,31,128,158,47,155,140,39,152,4
89,25,31,128,158,63,155,140,39,152,4
91,26,31,130,158,63,155,140,43,153,4
92,26,31,130,158,65,155,140,43,153,4
91,26,31,130,158,67,155,140,43,152,4
93,26,31,130,158,67,155,140,43,153,4
93,26,31,130,158,67,155,140,43,153,4
93,26,31,130,158,67,155,140,45,153,4
93,26,31,130,158,67,156,140,43,153,4
93,26,31,130,158,67,156,140,43,152,4
93,26,31,130,158,67,155,140,45,153,4
93,26,31,130,158,67,155,140,43,152,4
93,26,31,130,158,67,155,140,43,153,4
93,26,31,130,158,67,155,140,43,153,4
93,26,31,130,158,67,155,140,45,153,4
132,31,170,117,156,168,146,136,172,161,5
132,31,169,119,155,168,146,136,172,161,5
132,31,168,119,156,168,146,136,172,160,5
132,31,168,119,156,167,146,136,172,160,5
132,31,168,119,156,167,146,136,172,160,5
132,31,168,119,156,167,147,136,172,160,5
133,31,168,119,156,167,147,136,171,160,5
133,31,168,119,156,167,147,136,171,160,5
133,31,168,119,155,167,147,136,171,160,5
132,31,168,119,156,167,147,136,171,160,5
132,31,168,119,155,167,146,136,171,160,5
132,33,168,119,155,166,147,136,170,160,5
132,33,168,119,154,167,147,136,171,160,5
132,33,168,118,155,166,147,136,171,160,5
132,33,168,115,155,166,147,136,170,160,5
131,33,168,115,154,166,147,136,170,159,5
131,33,168,115,155,166,147,136,170,159,5
131,34,168,115,155,166,147,136,170,159,5
131,34,168,115,154,166,147,136,170,159,5
131,34,168,117,155,166,147,136,170,159,5
131,34,168,117,155,166,147,135,170,159,5
131,34,168,117,154,166,146,135,170,159,5
130,34,168,117,155,166,147,135,170,159,5
131,34,168,117,154,166,147,135,170,159,5
131,34,168,117,155,166,147,135,170,159,5
131,33,168,119,155,166,147,135,170,159,5
131,33,167,119,155,166,147,135,170,159,5
131,33,167,119,155,166,147,135,169,159,5
131,33,167,119,155,166,147,135,169,159,5
131,33,167,119,155,166,147,135,169,159,5
131,34,167,119,156,166,147,135,169,159,5
131,33,167,119,155,165,147,135,168,159,5
132,33,167,119,156,165,147,135,168,159,5
132,33,166,119,155,165,147,135,168,159,5
132,33,166,119,155,164,147,135,168,159,5
132,33,166,120,155,164,147,135,168,159,5
132,34,166,119,156,164,147,135,168,159,5
132,33,166,119,156,164,147,135,168,159,5
132,33,166,119,156,164,147,135,168,159,5
132,33,166,119,156,164,147,135,168,159,5
132,33,166,119,156,164,147,135,168,159,5
132,33,166,120,156,164,147,135,167,159,5
131,33,166,120,156,164,147,134,167,159,5
132,33,165,119,155,164,147,135,167,159,5
132,33,166,120,155,164,147,135,167,159,5
132,33,166,120,156,164,148,135,167,159,5
132,33,165,120,155,164,148,134,167,159,5
132,33,165,120,156,164,148,135,166,159,5
132,33,165,120,156,164,148,135,166,159,5
132,33,164,120,156,163,148,135,167,159,5
132,33,164,128,156,163,148,134,166,159,5
132,33,164,128,155,163,148,135,167,159,5
132,33,164,128,156,163,148,135,166,159,5
132,33,164,128,156,163,148,135,166,159,5
132,34,164,128,156,163,148,135,166,159,5
131,33,164,128,155,163,148,135,166,158,5
132,33,164,128,155,163,148,135,166,159,5
132,33,164,128,156,163,148,135,166,159,5
132,34,164,128,156,163,148,134,166,158,5
132,33,164,128,155,163,148,135,166,158,5
132,33,164,128,156,163,148,135,166,158,5
132,33,164,128,156,163,148,134,166,159,5
132,34,164,128,156,163,148,135,166,158,5
132,34,164,128,155,163,148,134,166,159,5
131,34,166,119,154,164,145,133,168,158,5
115,36,165,130,156,163,144,134,171,159,5
115,36,165,130,156,163,144,134,172,160,5
117,36,165,130,156,163,144,135,172,160,5
117,36,165,130,156,163,144,136,172,160,5
117,35,164,130,156,163,144,136,172,160,5
117,36,164,130,157,162,145,139,172,159,5
117,36,164,130,156,162,146,139,172,159,5
117,36,164,130,156,162,146,139,172,159,5
117,36,164,130,156,162,146,139,172,160,5
119,36,164,130,156,162,148,136,166,159,5
119,37,164,130,156,161,148,136,166,159,5
120,36,164,130,156,161,148,136,166,159,5
119,37,164,130,156,161,148,136,166,159,5
120,36,164,130,156,161,148,136,167,159,5
119,36,164,130,156,161,148,136,167,159,5
120,36,164,130,156,161,148,136,167,159,5
120,37,164,130,156,161,148,136,166,159,5
119,36,164,130,156,161,148,136,167,159,5
120,37,164,130,156,161,148,136,167,159,5
119,37,163,130,156,161,148,136,166,159,5
119,37,164,130,156,161,148,136,167,159,5
121,35,163,130,156,161,148,136,167,159,5
120,35,163,130,156,161,148,136,166,159,5
120,37,163,130,156,161,148,136,167,159,5
120,37,163,130,156,161,148,136,167,159,5
128,36,163,130,156,161,148,136,166,159,5
121,36,163,131,156,161,148,136,166,159,5
121,36,163,131,156,160,148,136,166,159,5
128,36,163,131,156,160,149,136,166,159,5
128,36,163,130,156,160,148,136,166,159,5
128,37,162,131,156,160,148,136,166,159,5
128,35,162,130,156,161,148,135,166,158,5
128,36,163,130,156,161,149,135,166,158,5
128,36,162,131,156,160,148,134,166,159,5
156,172,23,117,101,71,105,71,37,23,5
156,172,23,114,103,73,110,79,37,37,6
143,169,26,132,119,67,117,77,46,21,6
142,169,26,132,119,67,117,79,53,23,6
142,169,26,132,120,69,118,79,65,23,6
141,168,26,132,119,67,117,80,55,23,6
142,168,26,132,120,67,119,80,55,23,6
142,168,26,132,120,68,119,79,65,24,6
142,168,26,132,128,69,119,81,63,24,6
143,168,26,132,128,69,119,81,65,23,6
139,168,27,130,128,69,119,79,67,20,6
142,168,27,130,120,69,119,81,67,20,6
143,168,27,132,128,70,119,81,67,21,6
142,168,27,132,128,69,119,79,68,21,6
143,168,27,132,128,71,119,81,68,21,6
142,168,27,132,128,69,119,81,68,21,6
142,168,27,132,128,69,119,81,68,21,6
142,168,27,132,128,69,119,81,67,21,6
142,168,27,132,128,69,119,81,68,21,6
142,168,27,132,128,69,119,81,67,21,6
140,168,27,119,128,69,117,79,67,20,6
138,169,27,119,128,69,119,79,69,21,6
140,169,27,130,128,71,120,79,70,21,6
140,169,29,130,128,71,128,81,71,21,6
140,169,27,131,129,71,128,79,71,21,6
139,169,27,131,129,71,120,79,71,23,6
139,169,27,131,130,71,128,79,71,23,6
140,169,29,132,130,71,128,79,71,23,6
139,169,29,132,130,71,128,81,71,23,6
140,169,27,132,130,71,128,81,72,23,6
140,168,29,132,130,71,128,81,72,23,6
140,169,29,132,130,71,128,81,73,23,6
140,168,29,132,130,71,128,81,73,23,6
139,168,27,132,130,71,128,79,73,23,6
140,168,29,132,130,71,128,81,73,23,6
140,168,29,132,130,71,128,81,73,23,6
140,168,29,132,130,71,128,81,75,23,6
140,168,29,132,130,71,128,79,73,23,6
140,168,29,132,130,71,128,79,73,23,6
140,168,29,132,130,71,128,81,73,23,6
139,168,29,132,130,73,128,79,75,23,6
140,168,29,132,130,71,128,79,73,23,6
140,168,29,133,130,71,128,79,73,23,6
140,168,27,133,130,73,128,81,75,23,6
140,168,29,132,130,73,128,81,73,23,6
139,168,29,133,130,73,128,79,73,23,6
140,167,29,133,130,73,128,79,75,23,6
140,167,27,133,130,73,128,79,75,23,6
140,168,28,133,130,73,121,81,76,23,6
140,168,29,133,130,73,128,79,75,23,6
139,167,28,134,130,73,128,81,76,23,6
140,167,28,133,130,73,128,81,75,23,6
140,167,27,133,130,73,128,79,75,23,6
140,167,27,134,130,73,128,79,75,23,6
139,167,28,134,130,73,128,81,76,23,6
139,167,29,134,130,73,128,81,76,23,6
140,167,29,134,130,73,128,81,76,25,6
139,166,29,134,130,73,128,79,75,25,6
140,167,27,133,130,73,128,81,76,25,6
140,167,29,133,130,73,128,81,76,25,6
140,167,29,133,130,73,128,81,75,25,6
140,167,29,133,130,73,128,79,77,25,6
140,167,29,133,130,73,128,81,76,25,6
140,166,29,134,130,73,128,81,76,25,6
140,167,29,134,130,73,128,81,76,25,6
140,166,29,133,130,73,128,81,76,25,6
140,166,29,133,130,73,128,81,76,25,6
140,166,29,133,130,73,128,81,75,25,6
140,166,27,134,130,75,128,81,76,25,6
140,166,29,132,130,75,129,81,75,25,6
141,166,29,133,130,73,129,81,76,25,6
141,166,29,133,130,75,128,81,77,26,6
141,166,29,133,130,73,128,81,77,26,6
141,166,27,133,130,75,128,81,77,26,6
141,166,29,133,130,75,128,81,77,26,6
141,166,29,133,130,75,128,81,76,26,6
141,166,27,134,130,75,129,81,76,26,6
140,166,29,133,130,75,129,81,76,26,6
141,166,29,134,130,75,129,81,77,26,6
141,164,29,134,130,75,129,81,75,27,6
141,165,29,134,130,75,129,81,75,27,6
141,166,29,133,130,75,129,81,77,27,6
141,166,29,134,130,75,129,81,77,27,6
141,165,29,133,130,75,129,81,77,27,6
142,165,29,134,130,75,129,81,77,26,6
141,164,29,133,130,75,129,81,77,27,6
142,164,29,134,130,75,129,81,77,27,6
142,164,29,134,130,75,130,81,77,27,6
142,164,29,134,130,76,129,81,77,27,6
142,164,29,134,130,77,129,81,77,27,6
142,164,29,134,130,75,130,81,77,27,6
142,164,29,134,130,76,129,81,77,27,6
142,164,29,133,130,75,130,81,77,27,6
142,164,29,134,130,77,129,81,77,27,6
142,164,29,134,130,77,129,81,77,27,6
142,164,29,134,130,77,130,81,77,27,6
142,164,29,134,130,77,128,81,77,27,6
142,163,29,134,130,75,130,81,77,27,6
142,164,29,134,130,77,130,81,77,27,6
142,163,29,134,130,77,130,81,77,27,6
91,158,168,138,150,89,142,99,73,77,6
103,156,167,140,151,85,142,101,77,31,7
95,156,162,138,151,92,144,104,67,37,7
97,156,162,138,151,92,144,104,69,37,7
97,156,161,138,151,93,144,104,71,39,7
97,156,161,138,151,93,145,104,69,41,7
99,155,160,138,150,93,145,104,70,41,7
99,156,160,138,151,93,145,104,71,41,7
97,156,160,138,150,91,145,104,71,41,7
97,156,160,138,150,93,144,103,71,44,7
97,156,160,138,150,93,144,103,71,44,7
97,156,160,138,151,93,145,103,71,44,7
97,156,160,138,150,93,144,103,71,44,7
97,156,160,138,150,93,145,103,69,40,7
97,156,160,138,150,93,145,103,69,37,7
97,156,159,138,150,91,145,104,79,30,7
99,155,159,138,150,91,145,103,81,30,7
99,156,159,138,150,92,145,103,81,31,7
98,155,158,138,150,92,145,103,81,31,7
99,154,158,138,150,93,145,103,81,31,7
101,154,158,138,150,91,145,103,81,31,7
101,155,158,138,150,93,145,103,81,33,7
100,155,158,138,150,93,145,103,81,33,7
101,155,158,138,150,93,145,103,81,33,7
101,155,157,138,150,93,145,103,81,34,7
101,155,156,138,150,93,145,103,81,33,7
99,154,157,138,150,93,145,103,81,36,7
101,155,157,138,150,93,145,103,81,36,7
101,154,156,137,150,93,145,104,81,36,7
101,155,157,137,150,93,145,104,81,36,7
101,155,156,137,150,93,145,104,81,36,7
101,154,156,137,150,93,146,105,79,35,7
101,155,156,137,150,93,146,105,81,30,7
101,155,156,137,150,93,144,103,81,28,7
99,154,156,137,150,91,145,103,83,28,7
101,155,156,136,150,91,145,103,85,28,7
101,155,156,137,150,91,146,104,85,29,7
101,155,156,137,150,91,146,104,81,29,7
91,154,160,128,150,89,146,104,75,37,7
93,154,160,128,150,91,146,105,77,37,7
93,154,160,129,150,91,146,104,77,37,7
93,154,160,129,150,91,146,105,77,37,7
93,154,160,129,150,91,146,105,75,37,7
93,154,160,130,150,91,146,104,75,37,7
91,153,160,130,150,91,146,104,75,39,7
93,154,160,130,150,92,146,104,77,39,7
93,154,160,130,150,91,146,105,75,39,7
93,153,160,130,150,92,146,105,77,39,7
93,154,160,130,150,92,146,105,77,39,7
93,154,159,130,150,92,146,104,77,39,7
93,154,159,130,150,91,146,105,78,39,7
93,154,159,130,150,92,146,105,77,39,7
93,154,159,130,150,92,146,105,79,39,7
93,154,159,130,150,91,146,104,79,39,7
93,154,159,130,150,92,146,104,79,39,7
93,154,159,130,150,92,146,104,79,39,7
95,156,161,119,150,92,144,103,79,41,7
95,158,162,115,151,91,144,103,81,44,7
95,158,162,117,150,93,144,103,81,44,7
95,158,162,119,151,93,145,103,81,44,7
95,158,162,119,151,93,143,103,81,40,7
96,158,162,130,151,93,144,103,81,44,7
97,158,162,130,151,93,143,103,83,44,7
97,158,162,130,151,93,143,103,83,44,7
97,158,162,130,151,93,144,104,83,44,7
97,158,162,130,151,93,142,103,83,37,7
97,159,161,132,152,93,141,103,83,37,7
97,159,161,132,152,93,141,103,83,37,7
97,159,161,132,152,93,142,103,83,40,7
97,159,162,133,152,93,142,103,85,40,7
97,158,161,133,152,93,142,103,85,40,7
97,159,161,132,152,93,143,103,85,40,7
97,158,161,132,152,93,143,103,85,44,7
97,158,161,132,152,93,143,103,85,44,7
99,158,161,132,152,93,143,103,85,41,7
97,158,161,133,152,93,143,103,85,41,7
99,158,161,132,151,93,143,103,85,41,7
97,158,160,133,152,93,143,103,85,44,7
99,158,161,133,152,93,143,103,85,44,7
97,158,160,133,151,93,143,103,83,44,7
99,158,160,133,152,93,143,103,85,44,7
99,158,160,133,152,93,144,103,85,44,7
99,158,160,133,151,93,144,103,83,48,7
100,157,160,133,152,93,143,103,85,45,7
99,156,160,133,152,93,144,104,85,44,7
101,156,160,134,152,93,144,104,85,45,7
101,156,160,134,152,93,144,103,85,48,7
99,156,160,134,152,93,144,104,85,45,7
101,156,160,134,152,93,144,104,86,43,7
101,156,160,133,151,93,144,105,86,64,7
101,156,160,133,152,93,145,105,87,52,7
101,156,160,133,151,93,145,105,87,46,7
101,156,160,133,152,93,145,105,87,52,7
103,156,160,133,152,93,145,105,87,65,7
101,156,159,133,152,93,146,105,87,65,7
101,156,160,134,152,93,146,106,87,60,7
101,156,160,133,152,93,146,105,87,60,7
103,156,160,133,152,93,146,107,87,65,7
101,156,160,133,151,93,146,105,87,63,7
103,156,160,133,152,93,146,107,87,65,7
111,19,26,85,136,79,146,140,168,161,7
111,20,28,85,137,81,146,140,168,161,8
114,21,29,89,140,81,148,139,161,157,8
115,21,29,91,140,81,148,139,161,156,8
115,23,30,91,141,81,148,138,161,156,8
115,23,30,91,141,83,148,138,160,156,8
115,23,30,91,141,83,148,138,160,156,8
115,23,30,91,141,83,148,138,162,156,8
115,23,30,91,142,83,148,138,161,156,8
115,23,30,91,142,83,148,138,161,156,8
115,24,30,91,142,83,148,138,160,155,8
115,24,30,91,142,83,148,137,160,154,8
115,24,31,93,142,83,148,136,159,154,8
113,24,31,93,142,83,148,136,158,154,8
113,24,31,91,142,83,148,135,158,153,8
113,24,31,93,142,83,148,134,155,153,8
113,24,31,93,142,81,148,133,149,154,8
113,24,30,93,142,75,144,128,133,150,8
110,25,30,93,140,75,143,128,136,148,8
111,25,30,93,140,79,145,120,159,149,8
113,25,31,93,140,81,146,130,160,152,8
113,25,31,93,140,81,146,131,158,150,8
113,25,31,93,141,81,146,131,157,149,8
113,25,31,93,141,83,146,131,156,148,8
113,25,31,95,142,81,146,131,155,148,8
113,25,31,95,142,83,146,131,154,148,8
113,25,31,95,142,83,146,131,154,148,8
113,25,31,95,142,82,146,131,153,148,8
113,25,31,95,142,83,146,131,152,148,8
113,25,31,95,142,81,146,131,152,148,8
113,25,31,95,141,83,146,131,151,148,8
113,25,31,95,142,83,146,131,150,148,8
113,25,31,95,142,83,146,131,150,147,8
115,25,31,95,142,83,146,131,150,147,8
115,26,31,95,142,83,146,132,150,147,8
115,26,31,93,142,83,146,132,150,147,8
115,26,31,94,142,83,146,132,150,147,8
117,28,31,95,142,83,146,132,150,147,8
117,26,31,95,142,83,146,132,150,147,8
116,26,31,95,142,83,146,131,149,148,8
115,26,31,95,142,83,146,131,148,147,8
115,28,31,95,142,83,146,132,148,147,8
115,26,31,95,142,83,146,131,149,147,8
115,28,31,95,142,83,146,131,149,147,8
115,28,31,95,142,83,146,128,156,149,8
113,26,31,95,142,83,146,131,153,147,8
113,28,31,95,142,83,146,131,153,146,8
115,28,31,95,142,83,146,131,153,147,8
113,28,35,93,140,81,146,130,158,147,8
113,28,36,95,141,81,146,131,158,147,8
113,26,35,95,142,81,146,131,156,146,8
113,28,36,95,142,81,146,132,153,147,8
113,28,36,95,142,83,146,132,150,147,8
113,28,36,95,142,83,146,132,149,147,8
113,28,35,95,141,79,146,131,140,146,8
113,28,35,91,136,53,142,119,148,93,8
113,29,37,91,136,53,142,119,148,95,8
115,29,37,91,136,47,142,119,148,97,8
115,29,37,91,137,65,142,119,150,97,8
113,29,37,93,137,47,142,119,150,97,8
113,29,37,93,138,47,142,119,149,99,8
113,29,37,93,138,55,142,119,149,100,8
113,29,37,93,138,55,142,119,150,100,8
113,29,37,93,138,55,142,119,149,101,8
113,29,37,93,138,59,142,119,150,101,8
113,29,37,93,139,67,142,117,152,103,8
113,29,37,95,139,67,142,119,151,104,8
113,29,37,95,140,67,142,119,150,104,8
113,29,37,95,140,67,142,119,150,104,8
113,29,37,95,140,67,142,119,148,104,8
113,29,37,95,140,67,142,119,147,104,8
113,29,37,95,140,67,142,119,146,104,8
113,29,37,95,140,67,142,119,146,104,8
111,29,37,95,140,69,142,119,145,105,8
112,29,37,95,140,67,142,119,145,105,8
112,30,37,95,140,69,142,119,144,105,8
113,30,37,95,140,69,142,119,145,105,8
112,29,37,95,140,69,142,119,144,105,8
113,29,36,95,140,67,142,119,144,105,8
112,29,37,95,140,69,142,119,144,105,8
111,29,37,95,140,69,142,119,145,107,8
111,29,37,96,140,69,142,119,148,107,8
113,29,37,95,140,69,142,119,147,107,8
113,29,37,96,140,69,142,119,147,109,8
113,29,37,96,140,69,142,119,146,108,8
113,29,37,96,140,69,142,119,144,108,8
113,29,37,96,140,69,142,119,144,109,8
113,29,37,97,140,67,142,119,144,107,8
113,29,37,95,140,69,142,119,144,109,8
113,29,37,96,140,71,142,119,144,109,8
113,29,37,97,140,71,142,119,143,109,8
113,30,37,97,140,69,142,119,144,109,8
113,30,37,97,140,71,142,119,143,109,8
113,30,37,97,140,69,142,119,143,109,8
113,30,37,97,140,71,143,119,143,109,8
113,30,37,97,140,71,142,119,143,109,8
113,30,37,97,140,70,143,119,143,109,8
113,30,37,97,140,71,143,119,143,109,8
113,30,37,96,140,71,143,119,142,109,8
113,30,37,97,140,71,142,119,142,110,8
170,171,164,131,103,79,136,87,71,41,8
168,170,156,113,104,79,136,87,73,49,9
168,171,156,115,105,79,137,87,73,48,9
168,170,156,117,105,79,137,87,73,48,9
170,170,156,117,105,79,138,89,72,44,9
172,170,156,117,107,79,138,90,71,41,9
174,169,156,128,109,78,139,91,71,41,9
174,169,156,128,108,79,140,91,71,37,9
174,168,156,128,109,77,140,93,71,36,9
174,168,154,119,109,79,139,93,71,34,9
172,168,154,113,109,79,139,91,71,37,9
172,168,153,113,109,79,139,93,69,36,9
172,168,145,111,106,77,138,91,47,37,9
172,168,147,111,107,75,138,91,63,37,9
172,168,147,113,107,79,138,91,68,37,9
172,168,149,113,108,79,138,91,67,37,9
172,168,154,113,109,78,139,91,69,44,9
172,168,156,113,109,79,139,91,71,48,9
172,168,158,114,109,79,139,91,71,48,9
172,168,158,114,110,79,139,91,71,52,9
172,168,159,115,111,79,140,91,71,52,9
172,168,158,115,111,79,140,91,71,65,9
172,168,159,114,111,79,140,91,71,63,9
172,168,159,113,111,77,140,93,72,63,9
172,168,159,113,112,79,140,91,73,65,9
172,167,158,113,111,79,140,93,73,65,9
172,168,158,113,111,79,140,91,73,65,9
172,168,144,113,109,79,140,91,73,65,9
172,168,115,111,107,79,138,91,73,59,9
172,167,93,107,103,81,136,87,76,63,9
172,167,93,107,105,81,136,87,76,63,9
172,167,93,108,105,81,136,87,75,63,9
172,167,95,108,105,81,136,87,75,67,9
172,167,150,109,109,79,138,91,77,69,9
172,167,152,110,111,81,139,91,77,69,9
172,166,152,110,111,79,138,91,77,69,9
172,166,152,110,111,79,138,91,77,69,9
172,166,154,109,112,79,139,91,75,71,9
172,166,155,110,112,81,139,91,77,71,9
172,166,156,109,111,79,139,91,77,71,9
172,166,156,110,113,79,139,91,75,71,9
172,166,158,110,113,79,139,91,77,70,9
172,166,157,110,113,79,139,91,77,71,9
172,166,156,110,113,81,140,91,77,71,9
172,166,156,110,113,79,140,91,77,71,9
172,166,151,109,113,81,139,91,77,71,9
172,166,148,109,113,81,139,91,77,71,9
172,166,145,109,113,81,139,91,77,71,9
172,166,145,109,113,81,139,91,77,71,9
172,166,141,109,113,79,139,91,77,71,9
172,166,142,109,113,81,139,91,77,71,9
172,166,140,109,113,81,139,91,77,71,9
172,166,136,109,113,81,139,91,77,71,9
172,166,137,109,111,81,139,91,77,71,9
172,166,137,109,113,79,140,91,77,71,9
172,166,140,109,113,81,139,91,77,71,9
172,166,140,109,113,81,140,91,77,71,9
172,166,140,109,113,79,139,91,77,71,9
172,166,140,109,113,81,140,91,77,71,9
172,166,140,109,113,81,140,91,77,73,9
172,166,140,109,113,81,140,91,77,73,9
172,166,140,109,113,79,140,91,77,73,9
172,166,140,109,113,81,140,91,77,75,9
172,166,140,109,113,79,139,91,77,73,9
172,165,140,109,113,81,140,91,77,75,9
172,166,140,109,113,81,140,91,77,75,9
172,166,140,109,113,81,140,91,77,75,9
172,165,140,109,113,81,140,91,77,75,9
172,166,140,109,113,81,140,91,77,75,9
172,166,140,109,113,81,140,91,79,73,9
172,166,140,109,114,81,140,91,79,75,9
172,166,140,109,113,81,140,91,79,75,9
172,165,140,109,113,81,140,91,77,75,9
172,166,140,109,113,79,140,93,77,75,9
172,165,140,109,113,81,140,93,77,75,9
172,166,140,109,114,81,140,93,78,75,9
172,165,140,109,113,81,140,91,79,75,9
171,165,140,109,115,79,140,91,79,75,9
172,165,140,109,115,81,140,91,79,75,9
172,164,140,109,115,79,140,91,79,77,9
172,164,140,109,115,81,140,91,79,75,9
172,165,140,109,115,81,140,91,79,77,9
171,164,140,109,115,81,140,93,79,77,9
171,164,140,109,115,81,140,93,79,77,9
172,164,140,109,115,81,140,93,79,77,9
172,164,140,109,115,81,140,91,79,75,9
172,164,140,109,115,81,140,93,79,77,9
172,164,140,109,115,81,140,93,79,77,9
172,164,140,109,115,81,140,91,79,77,9
172,164,140,109,115,81,140,93,79,77,9
172,164,140,109,115,81,140,93,79,77,9
172,164,140,109,115,81,140,93,79,77,9
172,164,140,109,115,81,140,91,79,77,9
171,164,140,109,115,81,140,93,79,77,9
172,164,140,109,115,81,140,93,79,77,9
172,164,140,109,115,81,140,93,79,77,9
172,164,140,109,115,81,140,93,79,77,9
172,164,140,109,115,81,140,93,79,77,9
172,164,139,109,115,81,140,93,79,77,9
172,164,140,109,115,81,140,93,79,79,9
172,164,140,109,115,81,140,91,79,79,9
175,159,23,136,152,36,156,132,28,143,10
175,160,23,134,149,36,154,128,27,143,10
175,160,23,135,150,37,155,130,29,144,10
175,159,23,134,150,37,156,131,29,144,10
175,159,24,134,150,37,155,130,29,144,10
174,160,24,134,150,36,155,130,29,143,10
175,160,23,134,150,37,154,130,29,142,10
175,161,23,134,150,37,156,130,29,140,10
175,161,23,133,149,36,156,130,29,140,10
175,161,23,133,150,37,156,131,30,142,10
175,160,23,134,150,37,156,132,30,142,10
175,161,23,134,150,37,156,131,30,141,10
175,160,23,134,150,37,156,131,30,142,10
175,161,24,134,150,37,156,130,30,140,10
175,161,24,134,150,37,156,130,30,140,10
176,161,24,132,148,37,154,128,30,141,10
176,161,25,131,147,37,154,119,31,140,10
176,161,25,131,147,37,154,120,30,140,10
175,161,25,130,147,37,153,119,31,140,10
176,161,25,130,146,37,153,119,31,140,10
175,161,25,131,147,37,153,119,32,140,10
174,161,25,132,147,40,153,119,33,141,10
175,161,25,132,147,40,153,119,32,141,10
175,162,25,132,147,40,153,119,32,141,10
175,161,25,132,147,40,153,119,33,140,10
175,161,25,132,147,40,153,119,32,140,10
175,160,25,132,147,40,152,119,32,140,10
175,161,25,132,147,40,153,118,32,140,10
175,160,25,132,147,40,153,119,32,140,10
175,161,25,132,146,40,152,117,32,140,10
175,160,25,132,146,40,152,117,32,140,10
175,161,25,132,146,40,152,117,32,139,10
174,160,25,132,146,40,152,117,32,139,10
175,160,25,132,146,40,152,117,32,139,10
174,160,25,132,146,40,152,117,32,139,10
174,160,25,132,146,40,152,117,33,139,10
175,160,25,132,146,40,152,117,33,139,10
174,160,25,132,146,40,152,117,33,138,10
174,160,25,132,146,40,152,117,32,138,10
174,160,25,132,146,40,152,117,33,138,10
174,160,25,132,146,40,152,115,33,138,10
174,160,25,132,146,40,152,115,33,138,10
174,160,25,132,146,40,152,115,33,138,10
174,160,25,132,146,41,152,115,36,137,10
174,160,25,132,145,40,150,113,36,137,10
174,160,25,132,145,40,151,113,36,137,10
174,160,25,132,145,44,151,113,33,137,10
174,160,26,132,145,40,151,113,36,137,10
174,160,25,132,144,44,151,113,33,137,10
174,160,25,132,144,44,150,113,36,136,10
174,160,26,132,144,41,150,113,36,136,10
174,160,26,132,144,44,150,113,36,136,10
174,160,26,132,144,44,150,113,34,136,10
174,160,26,132,144,41,150,113,36,136,10
174,160,26,132,144,44,150,113,36,136,10
174,160,26,132,144,44,150,113,36,136,10
174,160,26,132,144,44,150,113,36,136,10
174,160,26,132,144,41,150,113,36,136,10
174,160,26,132,144,41,150,111,36,136,10
174,160,26,132,144,44,150,113,36,136,10
174,160,26,132,144,44,150,113,36,136,10
174,160,26,132,144,41,150,113,36,136,10
174,160,26,132,144,44,150,113,36,136,10
174,160,26,132,144,44,150,113,34,136,10
174,159,26,132,144,44,150,113,36,136,10
174,160,26,132,144,44,150,113,36,136,10
174,159,26,132,144,44,150,113,34,136,10
174,160,26,132,144,44,150,113,36,136,10
174,159,26,132,144,44,150,113,34,136,10
174,160,26,132,144,40,150,113,36,136,10
174,159,26,132,144,44,150,113,36,135,10
174,160,26,132,144,41,150,113,36,135,10
174,160,27,132,144,44,150,113,34,136,10
174,159,26,132,144,44,150,113,36,135,10
174,159,28,132,144,44,150,113,36,135,10
174,159,26,132,144,44,150,113,36,135,10
174,159,27,132,144,41,150,113,35,135,10
174,159,26,132,144,41,150,113,35,135,10
174,159,27,132,143,44,149,111,37,135,10
174,160,28,132,144,42,149,112,36,134,10
174,159,26,132,143,44,149,112,36,135,10
174,159,28,132,144,44,148,112,36,135,10
174,159,28,132,144,41,149,111,36,134,10
174,159,28,132,144,44,149,112,36,134,10
174,159,27,132,144,44,149,111,36,134,10
174,159,28,132,144,44,148,113,36,135,10
174,160,28,132,144,41,149,112,36,134,10
174,160,28,132,143,44,149,111,37,134,10
174,159,27,132,144,44,148,111,35,134,10
174,159,27,133,143,44,148,111,36,134,10
174,159,28,132,144,44,148,112,36,134,10
174,159,28,132,143,44,148,112,36,134,10
174,159,27,133,144,44,148,111,36,134,10
174,159,28,133,144,48,148,112,36,134,10
174,159,27,133,144,41,148,111,36,134,10
174,159,28,133,143,44,148,111,36,134,10
174,159,28,132,143,44,149,112,36,134,10
174,159,27,133,144,44,148,112,36,134,10
174,158,28,133,143,41,148,111,37,134,10
87,28,138,138,158,115,143,105,143,23,10
85,36,85,69,134,53,144,108,79,36,11
87,65,93,65,136,75,138,97,93,35,11
105,79,89,53,134,79,141,103,37,71,11
105,79,87,65,134,81,142,105,46,75,11
107,79,89,63,134,81,143,107,43,75,11
109,79,91,67,134,81,144,109,41,75,11
115,81,89,67,134,79,146,115,37,75,11
113,30,53,69,138,69,144,105,38,87,11
113,31,52,69,138,75,143,103,73,101,11
113,33,69,73,138,105,138,97,97,131,11
101,33,39,71,135,89,137,91,45,134,11
129,34,41,71,136,77,144,107,23,87,11
130,36,41,71,135,79,143,107,25,91,11
130,37,45,71,134,79,143,105,26,87,11
128,37,63,69,134,79,143,105,27,83,11
120,42,65,69,132,79,142,101,27,52,11
115,52,70,71,134,71,144,109,39,37,11
113,65,71,73,135,73,145,111,40,67,11
97,69,77,77,135,75,145,103,48,52,11
100,67,77,75,134,75,145,103,46,48,11
101,69,77,75,134,75,145,103,45,48,11
101,69,75,75,134,77,145,103,48,48,11
103,69,77,75,134,75,146,105,49,63,11
103,69,77,75,135,77,146,105,53,63,11
97,69,77,77,136,77,144,104,65,52,11
95,71,77,77,137,75,145,105,51,63,11
95,70,77,75,136,75,145,105,65,65,11
95,71,77,77,136,77,145,105,51,65,11
95,69,77,77,136,75,145,105,55,53,11
97,69,77,75,136,77,145,104,55,67,11
97,69,77,77,136,77,145,104,53,67,11
97,69,75,77,136,77,145,104,65,69,11
97,70,77,77,136,77,145,104,65,71,11
97,69,75,77,136,77,145,103,65,69,11
97,69,77,77,136,77,145,103,65,71,11
97,71,77,77,136,75,145,103,65,71,11
99,69,77,77,136,77,144,101,65,73,11
99,71,77,77,137,77,144,101,65,73,11
99,71,75,75,137,77,144,101,65,73,11
99,71,77,77,137,77,144,101,65,75,11
99,71,77,77,137,79,144,101,65,73,11
99,71,77,77,137,79,144,101,65,75,11
99,71,75,77,137,79,144,101,65,75,11
99,71,77,79,136,79,144,101,65,73,11
99,69,77,79,137,79,144,101,65,75,11
99,71,77,79,137,79,144,101,65,75,11
99,70,77,79,137,78,144,101,65,75,11
101,71,75,78,137,79,144,101,65,75,11
99,71,77,79,136,79,144,101,65,75,11
101,71,75,79,136,79,144,101,65,75,11
101,71,77,78,137,79,144,101,65,75,11
101,71,77,77,137,79,144,101,65,75,11
99,71,76,79,137,79,144,101,65,73,11
99,71,77,79,137,79,144,101,65,73,11
99,71,77,79,137,79,144,101,67,73,11
101,71,77,79,137,79,144,101,67,73,11
99,71,75,78,138,79,144,101,67,73,11
101,71,75,79,137,79,144,101,67,75,11
99,71,77,79,138,79,144,101,67,75,11
101,71,75,79,138,79,144,101,67,75,11
101,70,77,79,138,79,144,101,66,75,11
101,71,77,79,137,79,144,101,65,75,11
99,71,75,79,138,79,144,101,67,75,11
101,71,77,79,137,79,144,101,65,75,11
101,71,76,79,137,79,144,101,67,76,11
101,71,77,79,137,79,144,101,65,76,11
101,71,75,79,138,79,144,101,67,75,11
101,71,75,79,138,79,144,101,65,75,11
101,71,77,79,137,78,144,101,67,77,11
101,71,75,79,137,79,144,101,66,77,11
101,71,75,78,137,79,144,101,66,76,11
99,71,77,79,138,79,144,101,65,75,11
101,71,75,79,138,79,144,101,65,77,11
99,71,76,79,138,78,144,101,67,77,11
101,71,77,79,137,79,144,101,67,75,11
101,71,77,79,138,79,144,101,67,77,11
101,71,75,79,137,79,144,101,67,75,11
101,71,75,79,137,79,144,101,67,77,11
101,71,77,79,138,79,144,101,67,77,11
101,71,77,79,138,79,144,101,67,77,11
101,71,77,79,138,79,144,101,67,77,11
101,71,77,79,137,79,144,101,65,77,11
101,71,77,79,137,79,145,101,65,77,11
101,71,77,79,138,79,144,101,67,77,11
101,71,77,79,138,79,144,101,66,77,11
101,71,77,79,138,79,144,101,67,79,11
101,71,77,79,137,79,145,101,67,79,11
101,71,77,79,138,79,144,101,65,79,11
101,71,75,79,138,79,144,101,67,79,11
101,71,75,79,138,79,145,101,67,79,11
101,71,75,79,138,79,144,101,67,79,11
101,71,77,79,138,79,144,101,67,79,11
101,73,75,79,138,79,144,101,67,79,11
101,73,75,79,137,79,145,101,67,79,11
101,73,77,79,138,79,144,101,67,81,11
101,71,77,79,138,79,144,101,67,79,11
101,73,75,79,138,79,144,101,67,79,11
101,73,75,79,138,79,144,101,67,79,11
101,71,77,79,138,79,144,101,67,79,11
101,71,77,79,138,79,144,101,67,81,11
161,77,73,79,134,101,132,101,29,83,12
161,77,73,79,134,101,132,101,29,85,12
163,77,75,79,134,101,132,101,29,85,12
156,87,81,79,120,97,132,109,42,24,12
154,87,81,79,120,97,132,109,48,23,12
152,89,81,79,120,97,133,109,46,25,12
152,89,81,79,128,97,133,109,65,28,12
153,89,83,79,128,97,134,109,49,28,12
152,89,82,79,128,97,134,109,55,27,12
152,89,83,81,128,97,134,109,65,25,12
152,89,83,81,128,97,134,109,55,28,12
152,89,83,81,130,99,134,110,55,29,12
152,89,83,81,130,99,134,109,65,28,12
152,89,83,81,130,99,134,110,55,30,12
152,89,83,81,130,100,134,109,47,29,12
152,89,83,81,130,100,134,110,65,28,12
150,89,83,81,129,100,134,108,67,28,12
150,89,83,81,130,101,134,109,69,29,12
150,89,83,81,130,101,134,110,65,30,12
152,89,83,83,131,101,135,110,43,35,12
152,89,83,84,131,101,135,111,48,37,12
152,89,83,81,132,101,136,111,41,39,12
152,89,83,84,132,101,136,111,40,53,12
153,89,83,84,132,101,136,111,48,37,12
152,89,83,84,132,101,136,111,43,43,12
153,89,83,84,132,101,136,111,52,37,12
154,89,83,84,134,99,136,105,39,67,12
153,89,82,84,134,99,136,104,39,71,12
152,89,81,83,134,98,136,101,41,77,12
153,89,83,84,134,100,136,103,39,77,12
152,89,83,83,134,100,136,103,46,78,12
152,89,83,85,135,100,136,101,46,79,12
152,89,83,85,134,101,136,103,53,79,12
152,89,83,85,134,101,136,105,53,81,12
152,89,83,83,134,101,136,103,53,81,12
152,89,83,83,134,100,136,103,47,81,12
152,89,83,83,135,101,136,103,49,81,12
152,89,83,83,134,100,136,101,65,83,12
152,89,83,83,135,100,136,103,65,83,12
152,89,83,85,135,101,136,103,65,81,12
152,89,83,85,135,99,136,101,53,85,12
152,89,83,85,135,97,136,101,65,85,12
152,89,83,85,135,100,136,101,65,85,12
152,89,83,85,135,99,136,101,65,85,12
152,89,81,85,135,100,136,101,65,83,12
152,89,83,85,135,99,136,101,65,85,12
152,89,83,85,135,100,136,101,65,85,12
152,89,83,85,134,100,136,101,65,85,12
152,89,83,85,135,99,136,101,65,83,12
152,89,83,83,135,99,136,101,65,85,12
152,89,83,85,135,99,136,101,65,85,12
152,89,83,85,135,99,136,101,65,85,12
152,89,82,85,135,99,136,101,65,85,12
152,89,83,85,135,100,136,101,65,83,12
152,89,81,83,135,100,136,101,65,85,12
152,89,83,85,135,99,136,101,65,85,12
152,89,83,85,135,100,136,101,65,85,12
152,89,83,85,135,100,136,101,65,85,12
152,89,83,85,135,99,136,101,65,85,12
152,89,83,85,135,97,136,101,65,85,12
152,89,83,85,135,99,136,101,65,86,12
152,88,83,85,135,99,136,101,65,85,12
152,89,83,83,135,99,136,101,65,85,12
152,89,83,85,135,99,136,101,65,85,12
152,89,81,85,135,99,136,101,65,87,12
152,89,83,85,135,99,136,101,65,86,12
151,89,83,85,135,99,136,101,65,87,12
152,89,83,85,135,97,136,101,65,87,12
152,89,81,85,135,99,136,101,65,85,12
152,89,83,85,135,98,136,101,65,87,12
152,89,83,85,135,97,136,101,65,85,12
152,89,83,85,135,97,136,101,65,86,12
152,89,83,85,135,97,136,101,65,87,12
152,89,83,85,135,97,136,101,65,85,12
152,89,83,85,135,97,136,99,65,87,12
152,89,82,85,135,97,136,101,65,85,12
152,89,83,85,135,99,136,101,65,86,12
151,88,83,85,135,97,136,101,65,85,12
150,89,83,85,135,97,136,101,65,87,12
150,89,83,83,136,97,136,99,65,87,12
150,89,83,85,135,97,136,101,65,87,12
150,89,83,85,135,97,136,101,65,86,12
151,89,83,85,135,97,136,99,65,87,12
150,89,83,85,135,97,136,99,65,87,12
150,89,83,85,135,97,136,99,65,87,12
151,89,83,85,136,97,136,101,65,87,12
150,89,83,85,135,97,136,101,65,87,12
150,89,83,85,135,97,136,99,65,87,12
150,89,83,85,135,97,136,99,65,86,12
150,89,83,85,135,97,136,101,65,87,12
150,89,83,85,135,97,136,99,65,87,12
150,89,82,85,135,97,136,99,65,87,12
151,89,83,85,136,97,136,99,65,87,12
150,89,83,85,135,97,136,101,65,87,12
150,88,83,85,135,97,136,99,65,87,12
150,89,83,85,135,97,136,99,65,87,12
151,89,83,85,135,97,136,99,65,87,12
150,89,83,85,135,97,136,99,65,87,12
150,89,83,85,135,97,136,99,65,87,12
141,91,81,92,148,97,151,131,87,150,12
97,26,37,119,158,79,156,142,95,131,13
93,29,37,115,158,79,156,140,97,132,13
93,31,39,110,156,79,155,141,91,137,13
91,35,37,108,156,79,154,140,89,140,13
87,35,37,105,154,79,154,140,87,142,13
87,37,37,105,154,79,154,140,87,142,13
91,37,37,105,154,79,154,140,87,142,13
93,41,39,105,154,79,154,140,91,140,13
95,41,41,105,154,79,154,140,91,140,13
95,41,40,107,154,79,154,140,89,141,13
95,41,40,107,154,79,153,140,89,141,13
95,41,41,107,154,81,154,140,89,141,13
95,43,41,105,154,81,154,140,89,141,13
95,46,43,105,154,81,154,140,90,141,13
95,46,41,105,154,81,154,140,89,141,13
95,48,44,105,154,81,153,140,87,141,13
95,43,44,107,154,81,154,140,87,140,13
95,45,48,105,154,81,154,140,87,140,13
97,48,43,107,154,81,154,140,87,139,13
97,39,41,109,154,81,154,140,91,137,13
99,37,48,109,154,81,154,140,91,136,13
99,37,44,111,154,83,154,140,91,132,13
103,37,48,111,153,85,153,140,93,115,13
130,31,69,119,154,87,153,142,101,103,13
130,31,69,119,154,87,153,143,101,113,13
117,36,63,113,154,87,153,142,93,134,13
103,36,41,112,154,81,153,143,81,136,13
103,37,41,111,154,79,153,143,83,137,13
105,39,40,111,154,81,153,143,85,138,13
105,37,41,113,154,81,153,143,85,138,13
105,37,41,113,154,81,154,143,83,138,13
105,37,48,112,154,81,153,143,85,138,13
105,37,41,113,154,81,153,142,85,138,13
105,37,48,113,154,81,153,142,83,138,13
105,37,48,113,155,81,153,142,85,138,13
105,37,41,113,154,81,153,142,85,138,13
105,37,41,113,154,81,153,142,85,138,13
105,37,41,113,154,83,153,142,83,138,13
105,37,41,113,154,81,153,142,85,138,13
105,37,48,113,154,83,153,142,85,138,13
105,37,44,113,154,83,153,142,83,138,13
105,37,48,113,154,83,153,142,83,138,13
105,37,41,113,154,81,153,142,83,138,13
105,37,44,113,154,83,153,142,83,138,13
105,37,41,113,154,81,153,142,83,138,13
105,37,41,113,154,83,153,142,83,138,13
105,37,43,113,154,83,153,142,83,138,13
106,37,44,113,154,83,153,142,83,138,13
107,37,41,113,154,81,153,142,83,138,13
106,37,48,113,154,83,153,142,81,138,13
107,37,41,111,154,81,153,142,81,138,13
106,37,48,112,154,81,153,143,81,138,13
107,37,48,111,154,81,153,143,81,138,13
107,37,48,112,154,81,153,142,83,139,13
107,37,43,112,154,81,153,142,81,139,13
107,39,48,113,154,81,153,142,81,139,13
107,37,44,113,154,83,153,142,81,139,13
107,37,41,113,154,83,153,142,81,139,13
106,37,44,113,154,83,153,142,81,139,13
107,37,48,113,154,83,153,141,83,138,13
107,37,41,113,154,83,153,141,81,139,13
107,37,43,113,154,83,153,141,81,139,13
109,37,48,113,154,83,153,141,81,139,13
107,37,43,113,154,83,153,141,81,139,13
107,37,48,113,154,83,153,141,81,139,13
107,37,44,113,154,83,153,140,81,139,13
107,37,48,113,154,83,153,141,81,138,13
107,37,48,113,154,83,153,140,81,139,13
109,37,48,113,154,83,153,141,79,138,13
108,37,48,113,154,83,153,141,81,138,13
107,37,48,113,154,83,153,140,81,138,13
109,37,48,113,154,83,153,140,81,138,13
107,37,48,113,154,83,153,140,81,138,13
107,37,48,113,154,83,153,140,81,138,13
107,37,48,113,154,83,153,140,81,138,13
107,37,48,113,154,83,152,140,81,138,13
107,37,48,113,154,83,153,140,81,138,13
107,37,48,113,154,83,153,140,83,138,13
107,37,43,113,154,83,153,140,81,138,13
107,37,45,113,154,83,153,140,81,138,13
107,37,42,113,154,83,153,140,81,138,13
109,37,43,113,154,83,153,140,81,138,13
107,37,44,113,154,83,153,140,81,138,13
107,37,48,113,154,83,153,140,81,138,13
107,37,48,113,154,84,153,140,81,138,13
108,37,45,113,154,83,153,140,81,138,13
107,37,42,113,154,83,153,140,81,138,13
108,38,45,113,154,83,153,140,81,138,13
107,37,43,113,154,83,153,140,81,138,13
108,37,45,113,154,84,153,140,81,138,13
108,37,48,113,154,83,153,140,81,138,13
109,37,45,113,154,83,153,140,81,138,13
107,37,45,113,153,84,153,140,81,138,13
109,37,48,113,154,85,153,140,81,138,13
109,37,48,113,154,83,153,140,81,138,13
109,37,43,113,154,83,153,140,81,138,13
107,38,45,113,154,84,153,140,81,138,13
109,37,48,113,154,83,152,140,81,138,13
109,39,48,113,154,83,153,140,81,138,13
108,39,48,113,154,83,153,140,81,138,13
175,168,159,140,109,89,110,78,93,99,14
175,167,162,137,111,87,111,81,87,100,14
175,167,163,134,111,87,111,81,81,97,14
175,167,162,132,111,85,110,79,79,99,14
175,167,158,128,109,86,110,79,75,95,14
174,167,157,117,109,87,111,81,75,95,14
174,167,158,113,108,87,109,81,75,95,14
174,167,159,111,109,87,110,79,77,89,14
176,168,159,111,109,86,110,79,77,65,14
176,168,159,117,109,85,111,81,75,30,14
174,168,158,128,109,85,111,81,75,30,14
169,168,158,128,109,85,112,81,75,30,14
169,168,156,128,110,85,113,81,77,31,14
168,168,157,128,111,85,113,81,77,35,14
168,168,156,129,111,85,113,81,79,42,14
168,168,156,129,111,85,113,81,79,43,14
169,168,156,129,111,85,113,81,79,53,14
170,168,155,129,112,85,113,81,79,53,14
170,168,154,128,112,86,113,81,79,65,14
168,168,154,128,113,87,115,84,81,63,14
150,167,154,120,113,87,115,83,79,69,14
152,167,154,120,113,87,115,83,81,63,14
156,166,153,120,113,87,115,84,81,66,14
158,166,152,130,113,87,116,83,81,67,14
158,166,152,130,113,87,115,84,81,48,14
154,166,152,131,113,87,117,85,81,52,14
153,166,152,130,113,87,117,85,81,45,14
154,166,152,130,113,87,117,85,81,46,14
155,166,152,130,113,87,117,85,81,65,14
156,166,152,130,113,87,117,83,83,65,14
156,166,152,130,113,87,117,85,84,63,14
156,166,152,130,113,87,117,85,84,65,14
156,166,152,128,113,87,117,85,84,65,14
156,166,152,120,113,87,117,83,81,65,14
156,166,152,120,113,87,117,85,83,47,14
156,166,152,119,113,87,117,85,83,63,14
156,166,144,117,113,87,117,84,83,46,14
156,166,147,109,109,87,115,81,85,40,14
156,166,146,110,109,87,115,81,85,44,14
156,166,146,109,109,87,115,81,85,44,14
156,166,144,109,110,87,115,83,83,44,14
157,165,144,110,110,87,115,84,84,52,14
158,164,142,107,111,89,115,84,84,42,14
156,164,142,107,111,89,115,83,83,44,14
156,164,143,105,111,89,115,84,83,41,14
156,165,143,105,111,87,115,84,81,41,14
156,165,144,105,111,89,115,83,81,44,14
156,165,143,105,111,87,115,83,81,43,14
156,166,143,105,111,89,115,83,81,44,14
156,164,140,105,111,89,115,85,84,41,14
156,164,140,106,111,89,115,85,83,44,14
156,164,140,106,111,89,115,85,83,44,14
156,164,140,105,111,89,115,85,84,48,14
156,164,140,107,111,89,115,83,83,45,14
156,164,140,107,111,89,115,85,83,48,14
156,164,146,107,111,89,115,85,84,52,14
156,164,146,107,111,89,115,85,85,65,14
156,164,146,108,111,89,117,85,84,65,14
156,164,146,108,111,89,115,85,83,63,14
157,164,146,107,113,89,115,83,84,65,14
156,164,146,107,111,89,117,83,83,63,14
156,164,146,107,112,89,117,85,84,65,14
157,164,146,108,113,89,117,85,85,65,14
156,164,146,108,113,89,117,83,83,65,14
157,164,146,108,111,89,115,85,83,63,14
156,164,146,108,113,89,117,85,83,63,14
156,164,146,108,112,89,117,85,85,65,14
156,164,146,107,113,89,117,85,85,65,14
156,163,145,108,113,89,117,85,85,63,14
156,163,145,107,113,89,117,85,85,63,14
156,163,146,106,111,89,117,85,83,63,14
156,163,146,107,113,89,117,85,85,67,14
157,163,145,107,113,89,117,85,83,68,14
157,163,145,108,113,89,117,85,85,68,14
158,163,146,107,113,89,117,85,83,67,14
157,163,146,107,113,89,117,85,85,67,14
157,163,145,107,113,89,117,85,85,68,14
157,163,145,107,113,89,117,85,83,69,14
157,163,145,107,113,89,117,85,84,69,14
156,163,145,108,113,89,117,85,83,69,14
157,163,145,107,113,89,117,85,85,69,14
157,163,145,108,113,89,117,85,83,69,14
158,163,145,107,113,89,117,85,85,69,14
157,162,145,108,113,89,117,85,83,69,14
157,163,145,107,113,89,117,85,85,69,14
157,163,145,107,113,89,117,85,85,69,14
158,162,145,108,113,89,117,85,85,69,14
158,162,145,108,113,89,117,85,85,71,14
156,162,145,107,113,89,117,85,85,69,14
158,162,145,107,113,89,117,85,85,69,14
157,163,145,106,113,89,117,85,85,69,14
158,162,145,105,113,89,117,85,85,69,14
158,162,145,107,113,89,117,85,85,71,14
158,162,145,105,113,89,117,85,85,71,14
158,162,145,105,113,89,117,85,85,71,14
157,162,145,107,113,89,117,85,85,71,14
156,162,145,105,113,89,117,85,85,71,14
157,162,145,105,113,89,119,87,85,71,14
158,162,145,105,113,89,119,85,85,71,14
157,162,145,105,113,89,118,87,85,73,14
168,159,20,130,113,40,134,87,65,21,15
169,159,21,130,113,48,134,87,68,23,15
170,158,21,130,115,41,134,87,69,23,15
169,158,21,130,117,41,136,91,71,23,15
170,158,21,130,120,45,136,91,71,23,15
169,158,21,130,119,48,136,91,71,23,15
169,156,21,128,119,45,136,91,71,23,15
169,133,23,85,114,65,132,87,76,25,15
170,135,23,86,115,65,133,87,76,23,15
170,138,23,97,119,65,135,87,77,23,15
170,140,23,97,119,65,135,89,75,23,15
170,142,23,100,119,65,135,89,77,23,15
169,142,23,98,120,67,136,89,77,23,15
169,141,23,97,120,68,136,91,77,23,15
169,140,23,91,119,68,135,87,77,23,15
170,140,23,93,119,68,135,89,77,23,15
170,140,23,93,119,68,135,89,77,23,15
170,140,23,93,119,69,135,89,77,23,15
170,140,23,95,119,69,135,89,77,25,15
169,140,23,95,119,69,135,89,77,25,15
170,140,23,95,120,69,135,89,78,25,15
169,140,23,95,120,69,135,89,78,25,15
157,139,23,97,120,69,136,90,79,25,15
158,140,23,97,120,69,136,91,79,25,15
158,139,23,97,120,69,136,91,79,25,15
158,140,23,97,120,67,136,91,79,25,15
158,139,23,97,128,69,135,91,79,25,15
158,140,23,97,128,69,136,91,78,25,15
158,140,23,97,128,69,136,91,79,25,15
159,140,23,97,120,69,135,91,78,25,15
158,140,23,97,128,67,136,91,79,25,15
159,140,23,97,128,69,136,91,79,25,15
164,140,23,98,128,69,136,91,79,25,15
163,140,23,99,128,69,136,91,79,26,15
164,140,23,100,128,69,136,91,79,25,15
163,140,23,98,128,69,136,91,79,25,15
164,140,23,100,128,69,136,91,79,25,15
164,140,23,98,128,69,136,91,79,26,15
164,140,23,101,128,69,136,91,79,26,15
164,141,23,101,128,69,136,91,79,26,15
163,140,25,101,129,69,136,91,79,26,15
164,140,25,101,129,69,136,91,79,27,15
164,141,25,101,129,69,136,91,79,27,15
163,140,25,101,130,70,136,91,79,27,15
164,140,25,101,129,71,136,91,79,27,15
164,140,25,101,130,71,136,91,79,27,15
164,140,25,101,129,70,136,91,79,27,15
164,140,25,101,129,71,136,91,79,27,15
163,140,25,101,130,71,136,91,79,27,15
164,140,25,101,129,70,136,91,79,27,15
164,140,25,101,129,71,136,91,79,27,15
164,140,25,101,130,70,136,91,79,27,15
163,140,25,101,130,71,135,87,79,27,15
163,140,26,101,130,71,136,87,79,29,15
163,140,26,101,130,71,136,87,79,29,15
163,140,26,101,130,71,136,87,79,29,15
163,140,26,101,130,71,136,87,79,27,15
163,140,26,101,130,71,136,87,78,27,15
163,140,26,101,130,71,136,87,79,29,15
163,140,26,101,130,71,136,87,79,29,15
163,140,26,101,130,71,136,87,79,29,15
163,140,26,101,130,71,136,87,79,29,15
163,140,26,101,130,71,136,87,79,29,15
163,140,26,101,130,71,136,87,79,29,15
164,140,26,101,130,71,136,87,79,29,15
163,140,26,101,130,71,136,87,79,29,15
163,140,26,101,131,71,136,89,79,27,15
163,141,26,101,131,71,136,89,79,27,15
163,140,26,103,131,71,136,87,79,29,15
163,140,26,101,131,71,136,89,79,29,15
163,140,27,101,130,71,136,87,79,30,15
163,140,27,101,130,73,136,89,79,29,15
164,140,27,101,131,73,136,87,79,29,15
164,140,27,101,130,73,136,89,79,30,15
163,140,27,101,131,73,136,87,79,29,15
163,141,27,101,131,73,136,89,79,29,15
163,140,27,101,131,73,136,87,79,27,15
163,140,27,102,131,73,136,87,79,30,15
163,140,27,103,131,73,136,89,79,30,15
163,140,27,103,131,73,136,89,81,30,15
163,141,27,103,131,73,136,89,79,29,15
163,140,26,103,131,73,136,89,79,29,15
163,140,27,103,131,73,136,89,81,30,15
163,140,27,101,131,73,136,89,79,30,15
163,141,26,103,131,73,136,89,79,30,15
164,140,27,101,131,73,136,87,79,30,15
163,140,27,101,131,73,136,89,79,30,15
163,141,27,103,131,73,136,89,81,29,15
163,140,27,103,131,73,136,89,79,30,15
163,140,27,103,131,73,136,87,79,29,15
163,140,27,101,130,73,136,87,81,27,15
163,140,27,101,130,73,136,89,79,29,15
163,140,27,103,130,73,136,87,79,30,15
163,140,27,103,131,73,136,89,79,29,15
163,141,27,103,131,73,136,89,81,29,15
163,140,27,103,131,73,136,89,81,29,15
163,140,27,101,131,73,136,87,79,29,15
164,140,27,103,131,73,136,89,79,29,15
163,140,27,103,131,73,136,89,81,29,15
163,140,27,103,131,73,136,89,81,29,15
120,162,147,109,159,69,156,143,83,147,16
128,162,147,109,159,69,156,142,83,148,16
128,162,146,109,159,67,156,142,83,147,16
128,162,146,109,159,69,156,142,85,146,16
128,162,145,109,159,69,156,143,83,146,16
128,162,145,109,159,69,156,143,85,145,16
130,161,143,110,159,69,154,143,87,144,16
119,163,144,105,159,69,155,144,87,147,16
128,164,144,103,158,69,155,144,84,150,16
115,166,147,93,154,71,155,142,75,152,16
117,166,146,97,154,71,156,142,79,152,16
119,165,146,97,154,71,156,142,79,152,16
119,164,146,97,154,71,156,141,79,152,16
119,164,146,97,154,71,156,141,79,152,16
117,164,146,97,154,71,156,140,79,152,16
119,164,146,100,154,71,156,140,79,152,16
119,164,146,101,154,71,156,140,79,152,16
119,163,146,101,154,71,155,140,81,151,16
120,163,146,101,155,71,156,140,81,151,16
120,163,146,101,155,71,156,140,81,150,16
120,163,146,101,155,71,156,139,81,150,16
120,163,146,101,155,71,155,139,81,150,16
119,163,146,101,155,71,155,139,81,150,16
120,163,146,101,155,71,155,138,81,150,16
120,162,146,101,155,71,155,138,82,150,16
120,162,146,101,154,71,155,139,81,150,16
121,162,145,103,155,71,155,139,81,150,16
128,158,142,105,156,71,155,140,83,147,16
128,158,142,107,156,71,155,140,83,146,16
128,158,142,106,156,71,155,139,83,147,16
128,158,142,106,156,71,155,139,83,146,16
128,158,142,107,156,71,155,139,83,146,16
129,155,140,109,156,71,154,138,83,140,16
117,150,138,109,156,71,154,139,87,140,16
117,150,139,109,156,71,154,139,87,141,16
117,152,140,109,157,71,154,138,87,142,16
119,152,140,110,156,71,154,138,87,142,16
117,152,140,109,156,71,154,138,87,141,16
117,154,140,109,156,71,154,138,87,142,16
117,153,140,109,156,71,154,138,87,142,16
119,153,140,109,157,71,154,138,87,142,16
119,154,140,109,156,71,154,138,87,142,16
119,154,140,109,157,71,154,138,87,143,16
119,154,140,109,156,71,154,138,87,143,16
119,154,140,109,156,73,154,138,87,143,16
117,154,140,109,156,71,154,138,87,143,16
119,154,140,109,156,71,154,138,86,143,16
119,154,140,107,156,73,154,138,87,142,16
119,154,140,107,156,72,154,138,87,143,16
119,155,140,107,156,73,154,139,87,143,16
119,155,138,109,157,73,154,138,87,143,16
117,154,138,109,157,73,154,138,86,140,16
99,166,145,85,136,97,135,117,37,93,16
103,165,145,87,138,105,138,132,37,97,16
93,164,144,87,139,101,139,133,37,96,16
91,164,144,87,139,101,140,134,37,97,16
89,164,144,89,140,101,141,135,37,93,16
91,164,143,89,140,101,141,135,37,95,16
91,164,143,89,140,101,141,135,37,93,16
89,164,143,91,141,101,141,135,37,95,16
90,164,143,89,141,101,141,135,37,96,16
91,164,143,91,141,101,141,135,39,97,16
91,163,143,91,141,99,141,135,39,97,16
91,163,143,90,141,101,142,135,39,97,16
91,163,143,91,141,101,142,135,39,97,16
93,163,143,89,142,101,142,134,41,101,16
93,163,142,91,142,101,142,134,41,101,16
93,163,142,90,142,101,142,134,41,101,16
93,163,143,91,142,101,142,134,41,101,16
93,163,142,91,142,101,142,134,44,101,16
93,162,142,89,142,101,142,134,41,101,16
93,163,143,89,142,101,142,134,41,101,16
93,163,142,89,142,101,142,134,44,101,16
93,163,142,89,142,101,142,134,48,101,16
93,163,142,89,142,101,142,134,44,101,16
93,163,143,89,142,101,142,134,41,101,16
93,163,142,89,142,101,142,134,48,101,16
95,163,142,89,142,101,143,134,44,101,16
98,163,142,89,142,97,144,134,45,105,16
101,162,142,91,142,99,144,135,41,101,16
101,163,142,91,142,97,144,135,37,101,16
101,163,142,91,142,97,144,132,41,101,16
97,161,140,87,141,95,140,111,39,105,16
99,161,140,87,142,97,142,113,44,109,16
101,162,141,89,142,97,142,115,41,110,16
101,162,140,87,142,97,142,113,48,109,16
101,162,141,89,142,97,142,113,44,111,16
101,161,141,89,142,97,142,115,44,111,16
101,162,141,89,142,97,142,115,48,111,16
101,161,140,89,142,97,142,115,44,112,16
101,162,141,89,142,97,142,115,45,111,16
101,162,141,89,142,97,142,115,52,111,16
101,162,141,89,142,99,142,115,52,111,16
101,161,141,89,142,99,142,115,45,111,16
101,162,141,91,142,97,142,115,52,111,16
101,162,141,89,142,99,142,115,52,111,16
101,161,141,89,142,99,142,115,48,111,16
109,161,140,91,143,95,144,117,69,113,16
108,161,141,91,144,95,144,117,69,113,16
108,160,140,91,143,95,144,117,67,113,16
92,36,31,73,111,67,136,95,25,73,17
93,37,30,73,113,68,136,97,24,73,17
93,37,30,75,113,67,136,97,24,75,17
93,37,30,75,113,67,136,97,24,75,17
93,39,30,75,113,68,137,97,25,77,17
93,41,30,75,115,68,137,97,24,75,17
95,40,32,73,111,69,136,97,24,75,17
109,67,31,71,108,69,134,95,25,79,17
105,67,30,71,109,69,134,95,25,79,17
87,69,31,69,107,69,134,93,26,93,17
87,69,31,69,108,69,134,93,26,93,17
89,71,31,71,109,69,134,93,26,93,17
89,71,31,71,109,69,134,93,27,95,17
89,71,31,71,109,69,135,93,26,93,17
90,71,31,71,109,69,135,93,27,93,17
89,71,31,71,109,67,135,93,27,93,17
91,73,30,71,109,71,135,93,26,89,17
91,73,30,71,110,69,135,93,27,89,17
91,73,31,71,110,69,135,93,27,89,17
91,73,31,71,109,71,135,93,27,83,17
89,73,31,71,109,69,135,91,27,79,17
91,75,31,71,109,69,135,93,27,81,17
91,77,31,71,108,69,134,93,27,77,17
91,77,31,71,109,70,135,91,27,79,17
91,77,31,71,109,70,135,93,27,77,17
93,77,31,71,109,71,135,93,27,77,17
93,75,31,71,109,71,136,93,27,77,17
93,75,31,73,109,71,135,93,27,79,17
93,77,31,73,109,71,136,91,28,79,17
91,77,31,73,109,71,136,93,27,79,17
91,77,31,73,109,71,136,91,28,79,17
93,77,31,73,110,71,135,93,27,79,17
93,77,31,73,110,71,136,91,28,79,17
93,77,31,73,109,70,136,91,28,79,17
93,77,31,73,110,69,136,93,27,79,17
93,79,31,73,109,71,136,91,28,79,17
93,79,31,73,111,71,136,93,27,79,17
93,79,31,73,111,71,136,93,27,79,17
95,79,31,73,111,71,136,93,28,79,17
95,79,31,73,111,71,136,93,27,81,17
93,79,31,73,111,70,136,93,28,79,17
95,79,31,73,111,69,136,93,28,79,17
93,79,31,73,112,69,136,93,28,81,17
95,79,31,73,111,71,136,93,28,81,17
95,79,31,73,113,69,136,93,28,81,17
95,79,31,73,111,69,136,94,28,81,17
95,79,31,73,111,69,136,95,28,81,17
95,79,31,73,111,71,136,93,28,81,17
95,79,31,75,113,69,136,93,28,83,17
95,79,31,75,113,69,136,95,28,81,17
95,79,31,75,113,69,136,95,28,81,17
95,80,31,75,111,69,136,95,28,83,17
97,80,31,75,113,69,136,95,27,83,17
97,79,31,75,113,69,137,95,28,83,17
95,81,31,75,113,69,137,95,28,83,17
95,79,31,75,113,69,136,95,27,83,17
97,81,31,75,113,69,137,95,27,83,17
97,81,31,75,113,69,137,95,28,83,17
97,79,31,75,113,69,137,95,28,83,17
97,81,31,75,113,69,136,95,28,83,17
97,81,31,75,113,69,137,95,28,83,17
97,81,31,75,113,69,137,95,27,85,17
97,81,31,75,113,69,136,95,28,85,17
97,81,31,75,113,69,137,95,27,83,17
97,81,31,75,113,69,136,95,28,83,17
97,81,31,75,113,69,137,95,28,83,17
97,79,31,75,113,69,137,95,28,85,17
97,81,31,75,113,69,137,95,27,83,17
97,81,31,75,113,69,137,95,28,85,17
97,79,31,76,113,69,137,95,27,85,17
97,79,31,75,113,69,137,95,28,85,17
97,81,31,75,113,69,137,95,27,85,17
97,81,31,75,113,69,138,95,28,83,17
97,81,31,75,113,69,137,95,28,85,17
97,81,31,76,113,70,138,95,28,85,17
97,81,31,75,113,69,138,95,27,85,17
97,81,31,75,113,69,138,95,27,85,17
100,81,31,75,113,69,138,95,28,85,17
100,81,31,75,113,69,138,95,28,85,17
99,81,31,75,113,69,138,95,28,85,17
100,81,31,75,113,69,137,95,28,85,17
100,81,31,76,113,69,138,95,28,85,17
100,81,31,75,113,69,138,95,28,85,17
101,81,31,75,114,69,138,95,27,85,17
101,81,31,75,114,69,138,95,28,85,17
101,81,31,75,115,69,138,95,28,85,17
101,83,31,75,115,69,138,95,28,86,17
101,81,31,76,115,69,138,95,27,85,17
101,83,31,77,115,69,138,95,28,85,17
101,83,31,77,115,69,138,95,27,87,17
101,83,31,75,115,69,138,95,28,87,17
101,83,31,77,115,69,138,95,28,87,17
101,83,31,77,115,69,138,95,28,87,17
101,83,31,76,115,69,138,95,29,87,17
101,83,31,75,115,69,138,95,28,87,17
101,83,31,75,115,69,138,95,29,87,17
101,83,31,76,115,69,138,95,29,87,17
101,85,31,75,115,69,138,95,27,87,17
101,85,33,76,115,69,138,95,29,87,17
101,83,31,76,115,69,138,95,27,87,17
162,77,103,89,111,93,138,101,48,151,18
161,79,103,89,111,91,138,99,37,150,18
160,84,89,87,109,77,135,95,31,115,18
159,87,85,87,108,75,135,93,31,105,18
156,89,87,91,128,75,142,109,39,152,18
153,87,65,91,111,48,137,95,30,79,18
153,87,67,91,110,43,137,95,30,85,18
153,87,67,91,109,49,138,97,30,91,18
154,91,71,89,109,65,138,97,30,93,18
159,91,71,87,109,65,138,97,32,93,18
160,89,73,85,110,67,139,97,32,87,18
162,89,73,87,111,69,139,99,32,91,18
162,89,75,87,111,68,139,99,33,97,18
160,91,75,87,113,69,139,99,33,101,18
159,91,75,87,113,69,139,98,33,101,18
159,91,76,87,113,69,140,99,33,103,18
158,91,75,87,113,69,139,99,33,105,18
157,91,75,87,113,69,139,99,33,105,18
157,93,76,87,113,69,139,99,33,107,18
156,91,75,87,113,69,139,99,33,107,18
156,93,76,87,113,69,140,99,33,107,18
156,93,76,87,113,69,140,99,33,109,18
156,93,75,87,113,69,139,99,33,109,18
156,93,76,87,113,69,140,99,33,109,18
154,93,75,87,113,69,140,99,33,109,18
154,94,75,87,113,69,139,99,33,109,18
154,95,77,87,113,69,139,99,33,109,18
154,95,75,87,113,69,140,99,33,109,18
154,94,75,87,113,69,140,99,33,110,18
154,95,77,87,113,69,140,99,33,112,18
154,95,75,87,113,69,140,99,33,113,18
154,95,77,87,113,69,139,99,33,113,18
154,95,77,87,113,69,140,97,33,113,18
154,95,75,87,113,71,140,99,33,113,18
154,95,77,87,113,69,140,99,33,113,18
153,95,77,87,113,71,140,99,33,113,18
153,95,75,87,113,71,139,99,33,115,18
153,95,77,89,113,70,140,99,33,115,18
153,95,75,89,113,71,139,99,33,115,18
153,95,77,87,113,71,140,99,33,115,18
153,95,77,89,113,71,140,99,33,115,18
152,95,77,89,114,71,140,99,33,115,18
152,95,75,89,113,71,140,99,33,115,18
152,95,75,89,113,71,139,99,33,115,18
152,95,75,89,113,71,140,99,33,115,18
152,95,75,89,113,71,140,99,33,115,18
152,95,75,89,113,71,139,99,33,115,18
150,95,77,89,114,71,140,99,34,115,18
150,97,76,89,115,71,140,99,34,115,18
150,97,77,89,115,71,140,99,34,115,18
150,97,76,89,114,71,140,99,34,115,18
148,97,76,89,115,71,140,99,35,115,18
148,97,76,91,115,71,140,98,34,115,18
149,97,75,91,115,71,140,99,35,115,18
148,97,77,91,115,71,140,97,35,115,18
147,97,76,91,115,71,140,97,36,115,18
146,97,75,91,115,71,140,97,36,115,18
147,97,75,91,115,71,140,97,36,115,18
147,97,76,91,115,71,140,99,34,115,18
148,97,76,91,115,71,140,99,36,115,18
148,97,75,91,115,71,140,99,36,115,18
148,97,75,91,115,71,140,99,36,115,18
148,100,76,91,115,71,140,97,36,115,18
148,100,76,91,115,71,140,99,36,115,18
148,97,75,91,115,71,140,99,35,115,18
147,100,76,90,115,71,140,99,36,115,18
148,100,75,91,115,71,140,99,35,115,18
148,97,75,91,115,71,140,99,34,115,18
148,100,75,91,115,71,140,99,36,115,18
148,100,75,91,115,71,140,99,36,115,18
148,100,76,91,115,71,140,99,35,115,18
148,100,75,91,115,71,140,99,36,115,18
148,100,75,91,115,71,140,99,36,115,18
148,99,75,91,115,71,140,99,36,115,18
148,100,76,91,115,71,140,98,35,115,18
148,99,75,91,115,71,140,99,36,117,18
148,100,75,91,115,71,139,99,36,117,18
148,101,75,91,115,71,140,99,36,117,18
148,101,75,91,115,71,140,99,36,117,18
148,101,75,91,115,71,140,98,35,117,18
148,101,75,91,115,71,140,99,36,117,18
149,101,75,91,115,71,140,99,36,117,18
149,101,75,91,115,71,140,99,36,117,18
148,101,75,91,115,71,140,99,36,117,18
148,101,76,91,115,71,140,99,36,117,18
149,101,76,91,115,71,140,99,36,117,18
148,101,75,91,115,71,140,99,36,117,18
148,101,75,91,115,71,140,99,36,117,18
148,101,76,91,115,71,140,101,36,118,18
148,101,75,91,115,71,140,99,34,115,18
148,101,75,91,115,72,140,99,36,115,18
147,101,76,91,115,72,140,99,36,115,18
148,101,76,91,115,71,140,99,36,115,18
148,101,76,91,115,71,140,99,36,115,18
148,101,76,91,115,71,140,99,36,117,18
148,101,75,91,115,71,140,99,36,117,18
148,101,75,91,115,71,140,99,34,117,18
148,101,76,91,115,72,140,99,36,117,18
148,101,75,91,115,71,140,99,36,117,18
148,101,75,91,115,72,140,99,36,117,18
97,166,158,105,150,81,154,143,85,159,19
97,166,158,105,150,81,154,143,83,158,19
97,165,158,105,150,84,155,143,85,158,19
97,165,158,105,150,81,154,144,85,159,19
97,164,157,107,150,79,155,142,71,158,19
97,164,156,107,150,79,155,142,70,159,19
83,161,160,109,146,77,150,138,31,140,19
83,162,159,109,147,79,150,138,35,141,19
85,162,159,109,147,79,152,139,37,144,19
85,162,159,109,148,79,152,139,37,144,19
85,162,159,109,148,79,152,139,37,144,19
85,162,158,109,148,79,152,139,37,144,19
85,162,159,109,148,79,151,138,39,145,19
86,162,161,109,146,79,151,139,43,145,19
87,162,162,110,146,79,152,139,49,146,19
87,162,162,111,148,81,152,140,46,147,19
87,162,162,111,148,79,152,140,43,146,19
87,161,160,111,148,81,152,140,53,147,19
87,162,160,110,148,81,152,140,55,147,19
88,162,160,110,148,81,152,140,55,148,19
87,162,160,109,148,79,152,140,65,148,19
89,162,160,110,148,81,152,140,63,148,19
89,162,159,111,148,81,152,140,67,148,19
89,162,159,110,148,79,152,140,67,148,19
89,162,159,110,148,79,152,140,67,148,19
89,162,159,110,148,79,152,140,69,148,19
89,162,158,109,148,81,152,140,69,148,19
89,162,153,108,148,81,152,140,71,148,19
89,162,159,109,147,81,152,140,77,150,19
91,162,158,109,148,81,152,140,79,150,19
91,162,158,109,148,81,152,140,79,150,19
91,162,158,109,148,81,152,140,79,150,19
92,162,158,109,148,81,152,140,79,150,19
91,162,157,109,148,81,152,140,79,150,19
91,162,156,109,148,81,152,140,79,150,19
91,162,157,109,148,81,152,140,79,150,19
92,162,156,109,148,81,152,140,79,150,19
92,162,157,109,148,81,152,140,79,150,19
92,162,157,109,148,81,152,140,79,150,19
91,162,157,109,148,81,152,140,79,150,19
92,162,156,109,148,81,152,140,79,150,19
91,162,156,109,148,81,152,140,79,150,19
92,162,156,109,148,81,152,140,79,151,19
91,162,156,109,148,81,152,140,79,151,19
92,162,156,109,148,81,152,140,78,151,19
92,162,156,109,148,81,152,140,79,151,19
92,162,156,109,148,81,153,140,79,151,19
91,162,158,110,148,79,153,140,81,151,19
93,162,158,110,148,81,153,140,81,152,19
93,162,157,109,148,79,153,140,79,152,19
92,162,158,110,148,81,153,140,81,151,19
91,162,157,110,148,81,153,140,79,151,19
92,162,157,110,148,79,153,140,79,151,19
93,162,157,110,148,81,152,140,79,151,19
93,162,157,110,148,81,153,140,79,151,19
93,162,156,110,148,81,153,140,79,151,19
93,162,156,110,148,81,153,140,81,152,19
91,162,156,111,148,79,153,140,81,152,19
93,162,156,109,148,81,153,140,79,152,19
92,162,156,111,148,81,153,140,81,151,19
93,161,156,110,148,81,153,140,79,150,19
93,162,157,110,148,81,153,140,79,152,19
93,162,156,110,148,81,153,140,81,152,19
93,162,156,110,148,81,153,140,79,152,19
93,162,156,111,148,81,153,140,81,152,19
93,162,156,110,148,81,153,140,79,151,19
93,162,156,110,148,79,153,140,81,152,19
93,162,156,109,148,81,152,140,81,152,19
93,162,156,110,148,81,153,140,81,152,19
93,162,156,110,148,81,153,140,79,152,19
93,162,155,109,148,81,153,140,81,152,19
93,161,156,109,148,81,153,140,79,152,19
93,161,156,110,148,81,153,140,81,152,19
93,161,156,109,148,81,153,140,81,152,19
93,162,156,110,148,81,153,140,81,152,19
93,161,155,109,148,79,153,140,81,152,19
93,162,155,109,148,81,153,140,81,152,19
93,161,154,109,148,81,153,140,81,152,19
93,160,154,109,148,79,153,140,81,152,19
93,160,154,110,148,79,153,140,81,152,19
93,161,154,109,149,81,153,140,81,152,19
93,161,154,109,148,81,153,140,81,152,19
95,160,154,109,148,81,153,140,79,152,19
95,161,154,109,148,81,153,140,79,152,19
93,161,154,109,149,81,153,140,81,152,19
93,160,154,109,149,81,152,140,81,152,19
93,160,154,109,148,81,152,140,81,152,19
95,160,154,109,148,81,152,140,81,152,19
95,160,153,109,148,81,153,140,81,152,19
95,160,154,109,149,81,152,140,81,152,19
95,160,154,109,149,79,153,140,81,152,19
95,160,154,109,148,81,153,140,81,152,19
95,160,154,109,149,81,152,140,81,152,19
95,160,154,109,149,81,152,140,81,152,19
95,160,154,109,148,81,153,140,81,152,19
95,160,154,109,149,81,153,140,81,152,19
95,160,154,109,148,81,152,140,81,152,19
94,160,154,109,149,81,153,140,81,152,19
95,160,154,109,148,81,153,140,81,152,19
95,160,153,109,149,81,153,140,83,152,19
113,161,170,148,142,95,150,128,113,139,20
113,161,169,147,142,95,150,130,113,140,20
113,161,169,146,142,95,150,130,113,140,20
113,161,169,146,142,95,150,130,112,141,20
113,160,169,146,142,95,150,129,113,139,20
113,161,169,147,142,95,150,130,113,138,20
113,161,169,147,142,95,150,130,112,140,20
113,161,169,146,143,95,150,130,111,140,20
113,160,169,146,143,97,150,130,112,140,20
113,160,168,146,144,95,150,130,111,140,20
113,160,168,147,144,95,150,130,112,140,20
113,160,168,146,144,95,150,130,111,141,20
113,160,168,146,144,95,150,130,111,142,20
113,160,168,146,144,95,150,130,111,142,20
113,160,168,146,144,95,150,131,112,141,20
113,160,168,146,144,95,151,132,111,142,20
113,160,168,144,147,95,152,132,113,142,20
113,160,168,144,147,95,152,132,111,142,20
115,160,168,144,147,95,152,132,112,142,20
115,160,168,144,147,95,152,132,113,142,20
115,160,168,144,147,95,152,132,111,142,20
115,160,168,144,147,95,152,132,113,142,20
113,159,168,144,147,95,152,132,113,142,20
115,160,168,144,147,95,152,132,113,142,20
115,160,168,144,147,95,152,132,112,142,20
115,160,168,144,147,95,152,133,112,142,20
115,160,168,144,147,95,152,133,112,142,20
115,160,168,144,147,95,152,133,112,142,20
115,160,168,144,147,95,152,133,112,143,20
115,160,168,144,147,95,152,133,111,143,20
115,160,168,144,147,95,152,132,111,143,20
115,160,168,144,147,95,152,132,111,143,20
115,160,168,144,147,95,152,132,110,142,20
115,160,168,144,146,93,152,133,111,143,20
115,160,168,144,147,95,152,133,111,143,20
115,160,168,144,147,95,152,132,111,143,20
115,160,168,144,147,95,152,133,111,143,20
115,160,168,144,146,93,152,133,110,142,20
115,160,168,144,146,93,152,132,111,142,20
115,161,168,144,146,93,152,133,110,142,20
115,161,168,143,147,93,152,132,110,142,20
113,161,168,143,147,95,152,132,111,140,20
110,160,168,142,147,95,152,131,109,140,20
109,160,168,142,147,95,152,131,110,139,20
109,160,168,142,147,95,152,131,110,138,20
109,161,168,142,147,93,152,131,110,138,20
110,160,168,142,147,95,152,131,111,138,20
110,160,168,142,147,95,152,131,111,139,20
110,160,168,142,147,95,152,131,110,139,20
111,160,168,142,147,95,152,131,111,139,20
111,160,168,142,147,95,152,131,111,138,20
110,160,168,142,147,95,152,130,111,138,20
111,160,168,142,147,95,152,131,111,138,20
111,160,168,142,147,95,152,131,111,138,20
111,160,168,142,147,95,152,131,111,139,20
112,160,168,142,147,95,152,131,111,139,20
111,160,168,142,147,95,152,132,111,139,20
111,160,168,142,147,95,152,132,111,139,20
111,160,168,142,147,95,152,131,111,139,20
111,160,168,142,147,95,152,131,111,139,20
113,160,168,142,147,95,152,131,110,139,20
111,160,168,142,147,95,152,131,110,138,20
111,160,168,142,147,95,152,131,111,139,20
111,160,168,142,148,95,152,132,111,139,20
113,160,168,142,147,95,152,132,111,139,20
113,160,168,142,147,95,152,131,110,139,20
113,160,168,142,148,95,152,131,110,139,20
111,159,168,142,147,95,152,131,110,139,20
111,160,168,142,147,95,152,131,110,139,20
113,160,168,142,147,95,152,131,110,139,20
111,160,168,142,147,95,152,131,109,139,20
113,160,168,141,147,95,152,131,109,139,20
113,160,168,141,147,95,152,132,109,139,20
113,160,168,141,147,95,152,131,109,139,20
113,159,168,140,147,95,152,132,109,139,20
113,160,168,140,147,95,152,131,109,139,20
113,159,168,140,147,95,152,131,109,139,20
113,159,167,140,147,95,152,131,109,139,20
113,159,168,140,147,95,152,132,109,140,20
113,159,168,140,147,95,152,131,109,139,20
113,160,167,140,147,95,152,131,109,140,20
113,159,168,140,147,95,152,131,109,139,20
111,159,168,140,147,95,152,131,109,140,20
113,159,168,140,147,95,152,132,109,139,20
113,159,168,140,147,95,152,132,109,140,20
113,159,167,140,147,95,152,131,109,139,20
113,159,168,140,147,95,152,131,109,139,20
113,159,168,140,147,95,152,132,109,140,20
113,159,168,140,147,95,152,132,109,139,20
111,159,167,140,147,95,152,131,109,140,20
113,159,168,140,147,93,152,131,109,139,20
113,159,167,140,147,95,152,131,109,139,20
113,159,167,139,147,93,152,131,109,140,20
113,159,167,139,147,93,152,131,109,140,20
113,159,167,139,147,93,152,131,109,140,20
113,159,167,139,147,93,152,131,109,140,20
113,159,167,139,147,93,152,131,109,140,20
113,159,167,138,147,93,152,130,109,139,20
113,158,167,138,147,93,152,131,109,139,20
113,159,167,138,147,95,152,131,109,139,20
115,153,166,149,152,172,156,150,71,113,21
115,152,166,148,153,170,154,148,71,115,21
115,152,166,146,151,170,154,148,71,128,21
115,152,166,146,152,170,154,148,72,115,21
117,152,165,146,152,170,154,148,73,113,21
117,152,164,146,153,170,154,148,73,115,21
117,152,164,146,153,170,154,148,76,113,21
113,150,164,145,154,169,154,150,69,113,21
112,150,164,142,154,168,156,151,69,129,21
113,150,164,143,154,168,156,152,66,132,21
114,150,164,141,155,168,156,153,67,136,21
113,150,164,141,155,168,156,153,67,136,21
115,150,164,141,154,168,156,152,67,136,21
114,150,164,142,155,167,156,152,67,141,21
115,150,163,140,155,167,156,152,67,142,21
115,150,163,140,156,167,156,152,68,142,21
115,150,163,140,156,167,156,152,69,142,21
117,150,163,140,156,167,155,151,71,142,21
115,150,163,140,156,166,156,152,67,143,21
115,150,163,140,156,167,156,152,67,142,21
115,150,163,140,156,166,155,152,69,143,21
115,150,163,139,156,166,155,152,67,144,21
115,150,163,139,154,166,154,151,67,144,21
111,150,162,119,158,167,161,154,77,146,21
111,153,162,130,158,168,162,156,79,144,21
111,154,162,133,155,169,164,157,79,140,21
111,156,164,136,156,169,164,157,81,140,21
113,157,163,136,156,169,164,156,81,140,21
111,158,164,136,157,169,164,157,81,140,21
111,158,163,138,157,169,163,156,85,141,21
111,158,163,137,156,169,163,156,83,142,21
111,158,163,138,156,169,163,156,83,142,21
111,158,163,136,156,169,163,156,83,142,21
113,158,164,137,156,169,163,156,83,143,21
113,157,163,137,156,169,163,156,85,143,21
113,157,163,137,156,168,162,156,83,144,21
109,156,163,136,158,168,160,153,85,146,21
109,156,163,136,158,168,160,153,85,146,21
109,156,163,136,158,168,160,153,85,146,21
109,156,163,136,158,167,161,153,85,145,21
109,156,163,136,158,168,161,154,83,145,21
107,157,164,136,156,168,161,153,89,144,21
109,158,164,137,156,168,162,154,87,144,21
108,158,164,137,156,168,161,154,89,144,21
109,158,163,137,156,168,162,154,87,145,21
109,158,164,136,156,168,162,154,89,145,21
109,158,164,136,156,168,162,154,87,146,21
109,158,163,136,156,168,162,155,87,145,21
109,158,164,136,156,168,162,155,87,146,21
109,158,164,136,156,168,161,155,87,146,21
109,158,163,136,156,168,161,154,87,146,21
109,158,163,136,156,168,161,154,87,146,21
109,156,163,136,156,168,161,154,87,146,21
109,157,163,136,156,168,160,154,89,146,21
109,156,163,136,156,168,160,152,89,146,21
107,156,163,136,156,168,160,153,89,146,21
108,156,163,136,156,167,160,153,89,146,21
109,156,163,136,156,167,160,153,89,146,21
109,156,163,135,156,167,160,153,89,147,21
109,156,163,135,156,167,160,153,89,146,21
109,156,163,135,156,167,160,153,89,147,21
109,156,163,135,156,167,160,152,89,146,21
109,156,163,135,156,166,160,152,89,146,21
108,156,163,135,156,167,160,152,89,147,21
109,156,163,135,156,167,160,152,89,147,21
109,156,163,134,156,166,160,152,89,147,21
109,156,163,135,156,166,160,152,90,147,21
109,156,163,135,156,167,160,152,91,147,21
109,156,163,134,156,166,160,152,91,147,21
109,156,163,134,156,166,160,152,90,148,21
109,156,163,134,156,166,160,152,91,148,21
109,156,163,134,156,166,160,152,91,147,21
111,156,163,134,156,166,160,152,91,147,21
109,156,163,134,156,167,160,152,89,145,21
109,158,164,134,154,167,160,152,89,142,21
111,158,163,136,154,167,161,153,91,142,21
111,158,163,136,154,167,160,152,90,143,21
111,158,164,136,155,167,160,152,91,144,21
111,157,163,136,155,167,160,152,91,145,21
111,157,164,136,155,167,160,152,91,145,21
112,156,163,136,155,167,160,152,91,145,21
111,156,164,136,155,167,160,152,91,146,21
111,156,163,136,155,167,160,152,91,146,21
111,156,163,136,156,166,160,152,91,146,21
111,156,163,136,156,166,160,152,91,146,21
111,156,163,135,155,166,160,152,92,146,21
111,156,163,135,155,166,160,152,91,146,21
111,156,163,136,154,166,160,152,92,146,21
111,156,163,135,155,166,160,152,91,146,21
111,156,163,136,155,166,160,152,93,146,21
112,156,163,136,155,166,160,152,91,146,21
111,156,163,135,155,166,160,152,93,146,21
111,156,163,136,156,166,160,152,91,146,21
112,157,163,135,155,166,160,152,91,146,21
113,156,163,136,156,166,160,152,93,146,21
113,156,163,135,155,166,160,152,93,146,21
113,156,163,136,156,166,160,152,91,147,21
112,156,163,135,156,166,159,152,91,147,21
111,156,163,135,156,166,160,152,93,147,21
111,156,163,135,155,166,160,152,93,146,21
73,37,33,106,128,39,146,133,37,91,22
75,37,33,108,129,40,146,134,37,92,22
75,37,33,107,130,41,146,133,37,93,22
75,35,33,107,130,41,146,134,37,93,22
75,37,33,108,129,39,146,133,37,93,22
76,37,33,108,130,41,146,134,37,93,22
77,37,33,107,130,39,146,134,37,93,22
77,37,33,109,130,41,146,133,37,93,22
77,37,33,108,130,41,146,133,37,93,22
77,37,33,108,130,41,146,134,37,93,22
75,37,33,109,130,41,146,134,37,95,22
75,37,34,109,130,41,147,133,37,97,22
77,37,34,109,130,41,146,133,37,97,22
75,37,34,109,130,41,146,133,37,97,22
75,37,34,109,130,41,146,134,39,97,22
77,37,34,109,130,41,146,133,37,97,22
77,37,34,107,131,41,147,134,39,97,22
75,37,34,109,131,41,146,133,38,97,22
77,37,34,109,131,41,146,133,39,97,22
77,37,34,109,131,41,146,133,39,97,22
77,37,34,109,131,41,146,132,39,97,22
75,38,35,109,131,41,147,133,39,97,22
77,37,34,109,131,41,146,134,39,97,22
75,37,35,109,131,41,146,134,39,97,22
77,37,34,109,131,41,146,134,39,97,22
75,37,35,109,131,41,146,134,39,97,22
77,39,36,109,131,41,146,134,41,97,22
77,39,35,109,131,41,146,133,40,97,22
77,37,34,109,131,44,146,134,41,97,22
77,39,35,109,131,41,147,134,41,97,22
77,39,35,109,131,41,147,134,39,97,22
77,39,35,109,131,44,147,134,41,97,22
77,39,36,109,131,41,147,134,40,97,22
77,39,35,109,131,41,146,134,41,97,22
77,39,35,109,131,44,147,133,41,97,22
77,39,34,107,130,41,146,133,37,85,22
76,39,34,108,130,41,146,133,37,87,22
75,39,35,108,130,41,146,132,37,87,22
76,39,33,107,130,41,146,132,37,87,22
76,39,34,107,130,41,146,132,37,87,22
77,39,34,107,130,44,147,132,37,89,22
77,39,35,105,130,41,147,132,36,91,22
77,39,35,105,130,44,148,132,36,91,22
75,39,36,105,130,41,147,133,36,91,22
77,41,36,107,130,44,148,133,37,93,22
77,39,37,107,130,41,148,133,36,93,22
77,39,37,107,130,41,147,133,36,93,22
75,39,35,107,130,44,147,133,37,93,22
77,65,36,107,130,41,147,132,37,95,22
77,53,36,107,130,41,147,132,37,95,22
75,46,34,106,130,41,147,132,37,95,22
77,49,36,107,130,41,147,132,37,95,22
77,53,36,107,130,44,147,132,37,95,22
77,53,36,107,130,44,148,132,37,93,22
77,49,36,107,130,41,147,132,37,95,22
77,53,36,105,130,41,147,132,37,96,22
77,49,37,105,130,43,147,132,37,96,22
77,49,36,107,130,43,147,132,37,97,22
77,49,36,105,130,41,147,132,37,97,22
77,49,36,105,130,42,148,132,37,97,22
77,49,37,105,130,42,147,132,37,97,22
75,46,35,105,130,45,147,132,37,97,22
77,49,36,105,130,48,147,132,37,97,22
77,49,36,105,130,48,147,132,37,97,22
77,49,36,105,130,45,147,132,37,97,22
75,46,36,105,130,44,147,132,37,97,22
77,49,36,107,130,48,147,132,37,97,22
77,49,36,105,130,45,147,132,37,97,22
75,49,36,105,130,45,147,132,37,99,22
75,47,37,105,130,44,147,132,37,100,22
75,65,36,105,130,48,147,132,37,100,22
77,47,37,105,130,43,147,132,37,101,22
77,49,36,105,130,43,147,132,37,100,22
77,46,37,105,130,45,147,132,37,100,22
77,49,36,105,130,45,147,132,37,101,22
77,47,37,105,130,48,147,132,37,101,22
77,46,37,105,131,43,147,132,37,101,22
77,49,36,105,131,48,147,132,37,101,22
77,47,37,105,130,48,147,132,37,101,22
77,46,35,105,131,45,147,132,37,101,22
77,49,36,105,131,45,148,132,37,101,22
77,43,36,105,131,48,147,132,37,101,22
77,47,37,105,131,48,147,132,37,101,22
77,53,36,105,130,48,147,132,37,101,22
77,49,36,105,131,45,148,132,37,101,22
75,65,36,105,130,48,147,132,37,101,22
77,49,36,105,131,48,147,132,37,101,22
77,49,36,105,131,45,148,132,37,101,22
77,49,36,105,131,48,148,132,37,101,22
77,47,37,105,131,48,148,132,37,103,22
77,49,36,105,131,45,148,132,37,103,22
77,43,36,105,131,48,148,132,37,103,22
77,49,36,105,131,48,148,132,37,103,22
77,49,36,105,131,45,148,132,37,103,22
77,46,36,105,131,48,148,132,37,103,22
77,49,36,105,131,45,148,132,37,103,22
77,65,37,105,131,48,148,132,37,103,22
77,47,37,105,131,48,148,132,37,103,22
77,46,37,105,131,48,148,132,37,103,22
79,53,37,107,132,52,148,133,45,135,22
174,27,39,76,136,79,153,134,164,162,23
174,27,41,73,134,79,152,132,162,164,23
174,29,41,71,132,79,150,132,160,164,23
174,29,41,73,133,79,151,132,161,163,23
174,27,41,75,134,79,152,133,162,163,23
174,29,41,77,135,80,152,133,160,162,23
174,29,41,77,135,79,152,133,160,162,23
174,27,41,77,135,79,152,132,160,162,23
174,30,41,75,135,79,152,132,158,162,23
174,30,41,75,135,79,152,132,158,162,23
174,30,41,75,135,81,152,132,159,162,23
173,30,40,77,135,81,152,132,160,162,23
172,30,41,77,136,81,152,132,160,162,23
172,30,41,77,136,81,152,132,159,162,23
172,30,41,77,135,79,152,132,159,162,23
172,30,41,77,136,79,152,132,158,163,23
173,30,41,77,135,79,152,132,157,162,23
172,30,41,77,135,79,152,132,156,162,23
172,30,41,77,135,81,152,132,154,162,23
172,31,41,75,135,79,152,132,154,162,23
172,31,41,75,135,79,152,132,154,162,23
172,30,41,75,136,79,152,132,154,162,23
172,31,41,75,136,79,152,132,154,162,23
172,31,41,77,135,79,152,132,154,162,23
172,31,41,75,136,79,152,132,154,162,23
172,31,41,77,135,81,152,132,153,161,23
172,31,41,77,135,79,152,132,152,162,23
172,31,41,77,136,79,152,132,152,162,23
172,31,41,77,135,79,152,132,152,162,23
172,31,41,77,135,79,152,132,152,161,23
171,31,41,77,135,79,152,132,152,162,23
171,31,41,77,135,81,152,132,152,162,23
172,31,41,77,135,80,152,132,152,162,23
172,31,41,77,136,79,152,132,152,162,23
172,31,44,77,135,79,152,132,152,161,23
172,31,41,77,136,79,152,132,151,162,23
172,31,41,77,135,79,152,132,151,162,23
172,31,41,77,136,79,152,132,150,162,23
171,31,41,77,135,79,152,132,150,162,23
171,31,41,77,135,79,152,132,150,162,23
171,31,41,77,135,79,152,132,150,162,23
172,31,41,77,135,81,152,132,150,161,23
170,31,41,77,135,79,152,132,150,162,23
171,31,41,77,135,79,152,132,148,162,23
171,31,44,77,135,79,152,132,148,161,23
172,31,44,77,136,79,152,132,149,162,23
172,31,41,77,135,79,152,132,148,162,23
171,31,44,77,135,79,152,132,148,161,23
171,31,41,77,135,79,152,132,148,161,23
171,31,41,75,136,79,152,132,148,161,23
171,31,44,77,136,79,152,132,148,161,23
171,31,44,77,136,79,152,132,148,161,23
172,31,41,77,136,81,152,132,147,161,23
171,31,44,77,135,79,152,132,147,161,23
171,31,41,77,136,79,152,132,147,161,23
170,31,44,77,136,79,152,132,147,161,23
171,31,41,77,136,79,152,132,147,160,23
171,33,39,77,136,79,152,132,146,161,23
170,33,40,77,135,79,152,132,146,161,23
171,33,44,79,136,79,152,132,146,161,23
170,31,41,78,135,81,152,132,146,161,23
171,33,41,77,136,79,152,132,146,160,23
171,33,41,79,136,79,152,132,146,160,23
170,33,39,79,135,79,152,132,146,161,23
170,31,41,77,136,79,152,132,145,161,23
170,33,41,77,136,79,152,132,145,161,23
171,33,41,79,136,79,152,132,146,160,23
171,33,41,77,136,79,152,132,146,160,23
171,32,41,79,136,79,152,132,146,160,23
171,33,41,77,135,79,152,132,145,161,23
170,33,41,77,136,79,152,132,145,160,23
170,33,41,77,135,79,152,132,145,161,23
170,33,41,79,136,79,152,132,145,160,23
170,33,40,79,136,79,152,132,145,160,23
170,33,41,77,135,79,152,132,145,160,23
170,33,41,78,136,79,152,132,143,160,23
170,33,41,78,136,79,152,132,143,160,23
170,33,41,78,136,79,152,132,143,160,23
170,33,41,79,136,79,152,132,143,160,23
170,33,41,78,136,81,152,132,143,160,23
170,33,48,79,136,79,152,132,143,160,23
170,33,40,77,136,81,152,132,143,160,23
170,33,41,78,136,79,152,132,143,160,23
170,33,41,79,136,79,152,132,143,160,23
170,33,41,77,136,79,152,132,143,160,23
170,33,41,77,136,79,152,132,143,160,23
170,33,48,77,136,79,152,132,143,160,23
170,33,41,79,136,81,152,132,142,160,23
170,33,41,78,136,79,152,132,142,160,23
170,34,48,79,136,79,152,132,142,160,23
169,34,41,79,136,79,152,132,142,160,23
170,34,41,78,136,79,152,131,142,160,23
170,34,41,79,136,79,152,132,142,160,23
170,34,41,79,136,79,152,132,142,160,23
170,34,48,79,136,79,152,132,142,160,23
169,35,40,79,136,79,152,132,141,160,23
170,34,41,79,136,79,152,132,141,160,23
170,34,41,77,136,79,152,131,140,160,23
170,34,41,79,136,79,152,131,140,160,23
170,35,41,79,136,79,152,131,140,160,23
